,filename,result_50_features,distance_50_features,time_50_features,result_100_features,distance_100_features,time_100_features,result_200_features,distance_200_features,time_200_features,result_300_features,distance_300_features,time_300_features
0,zaal_19__IMG_20190323_121622__09.png,zaal_19__IMG_20190323_121622__09.png,0.0,0.32327504100000004,,,,,,,,,
1,zaal_S__IMG_20190323_122944__04.png,zaal_S__IMG_20190323_122944__04.png,0.0,0.24132262500000046,,,,,,,,,
2,zaal_19__IMG_20190323_121523__04.png,zaal_19__IMG_20190323_121523__04.png,0.0,0.24021212499999933,,,,,,,,,
3,zaal_19__IMG_20190323_121523__10.png,zaal_19__IMG_20190323_121523__10.png,0.0,0.24858133299999974,,,,,,,,,
4,zaal_S__IMG_20190323_122748__01.png,zaal_S__IMG_20190323_122748__01.png,0.0,0.23917183299999945,,,,,,,,,
5,zaal_15__IMG_20190323_115551__01.png,zaal_15__IMG_20190323_115551__01.png,0.0,0.24542408299999963,,,,,,,,,
6,zaal_9__IMG_20190323_113745__01.png,zaal_9__IMG_20190323_113745__01.png,0.0,0.24355204200000014,,,,,,,,,
7,Zaal_A__20190323_111313__01.png,Zaal_A__20190323_111313__01.png,0.0,0.25456375,,,,,,,,,
8,zaal_18__IMG_20190323_120719__01.png,zaal_18__IMG_20190323_120719__01.png,0.0,0.24652758299999977,,,,,,,,,
9,zaal_18__IMG_20190323_120709__01.png,zaal_18__IMG_20190323_120709__01.png,0.0,0.24412933300000006,,,,,,,,,
10,zaal_19__IMG_20190323_121420__13.png,zaal_19__IMG_20190323_121420__13.png,0.0,0.2319135000000001,,,,,,,,,
11,zaal_S__IMG_20190323_122919__05.png,zaal_S__IMG_20190323_122919__05.png,0.0,0.23605441700000007,,,,,,,,,
12,zaal_19__IMG_20190323_121420__07.png,zaal_19__IMG_20190323_121420__07.png,0.0,0.23775833300000038,,,,,,,,,
13,zaal_2__IMG_20190323_112211__01.png,zaal_2__IMG_20190323_112211__01.png,0.0,0.240390875000001,,,,,,,,,
14,zaal_1__IMG_20190323_111828__01.png,zaal_1__IMG_20190323_111828__01.png,0.0,0.24306258400000047,,,,,,,,,
15,Zaal_L__20190323_122914__01.png,Zaal_L__20190323_122914__01.png,0.0,0.25421599999999955,,,,,,,,,
16,zaal_19__IMG_20190323_121333__03.png,zaal_19__IMG_20190323_121333__03.png,0.0,0.23473366699999865,,,,,,,,,
17,zaal_S__IMG_20190323_122927__01.png,zaal_S__IMG_20190323_122927__01.png,0.0,0.24503854199999964,,,,,,,,,
18,zaal_11__IMG_20190323_114113__01.png,zaal_11__IMG_20190323_114113__01.png,0.0,0.24103850000000016,,,,,,,,,
19,Zaal_L__20190323_122719__01.png,Zaal_L__20190323_122719__01.png,0.0,0.2443630419999998,,,,,,,,,
20,zaal_S__IMG_20190323_122534__01.png,zaal_S__IMG_20190323_122534__01.png,0.0,0.24138295800000087,,,,,,,,,
21,Zaal_K__20190323_122235__01.png,,0,0.23909070899999918,,,,,,,,,
22,zaal_S__IMG_20190323_122524__01.png,zaal_S__IMG_20190323_122524__01.png,0.0,0.23393570799999885,,,,,,,,,
23,Zaal_F__20190323_115732__01.png,Zaal_F__20190323_115732__01.png,0.0,0.2465051660000004,,,,,,,,,
24,zaal_1__IMG_20190323_111817__01.png,zaal_1__IMG_20190323_111817__01.png,0.0,0.2389998749999993,,,,,,,,,
25,zaal_7__IMG_20190323_113057__01.png,zaal_7__IMG_20190323_113057__01.png,0.0,0.24989429200000046,,,,,,,,,
26,zaal_S__IMG_20190323_122812__01.png,zaal_S__IMG_20190323_122812__01.png,0.0,0.23529450000000018,,,,,,,,,
27,zaal_19__IMG_20190323_121230__01.png,zaal_19__IMG_20190323_121230__01.png,0.0,0.2334439590000006,,,,,,,,,
28,zaal_10__IMG_20190323_113824__01.png,zaal_10__IMG_20190323_113824__01.png,0.0,0.23779379099999964,,,,,,,,,
29,Zaal_G__20190323_120524__01.png,Zaal_G__20190323_120524__01.png,0.0,0.2804577909999999,,,,,,,,,
30,Zaal_D__20190323_113825__01.png,Zaal_D__20190323_113825__01.png,0.0,0.24810020800000032,,,,,,,,,
31,zaal_10__IMG_20190323_113834__01.png,zaal_10__IMG_20190323_113834__01.png,0.0,0.27121591699999925,,,,,,,,,
32,zaal_17__IMG_20190323_120524__01.png,zaal_17__IMG_20190323_120524__01.png,0.0,0.24862370800000022,,,,,,,,,
33,Zaal_M__20190323_123740__01.png,Zaal_M__20190323_123740__01.png,0.0,0.24353258400000044,,,,,,,,,
34,zaal_11__IMG_20190323_114036__01.png,zaal_11__IMG_20190323_114036__01.png,0.0,0.2557164580000002,,,,,,,,,
35,Zaal_M__20190323_123750__01.png,Zaal_M__20190323_123750__01.png,0.0,0.23845541699999906,,,,,,,,,
36,zaal_19__IMG_20190323_121333__02.png,zaal_19__IMG_20190323_121333__02.png,0.0,0.23169712500000017,,,,,,,,,
37,zaal_19__IMG_20190323_121420__06.png,zaal_19__IMG_20190323_121420__06.png,0.0,0.23854262499999734,,,,,,,,,
38,zaal_S__IMG_20190323_122919__04.png,zaal_S__IMG_20190323_122919__04.png,0.0,0.24256708300000085,,,,,,,,,
39,zaal_19__IMG_20190323_121420__12.png,zaal_19__IMG_20190323_121420__12.png,0.0,0.24786062500000128,,,,,,,,,
40,zaal_19__IMG_20190323_120945__01.png,zaal_19__IMG_20190323_120945__01.png,0.0,0.24975229200000015,,,,,,,,,
41,zaal_10__IMG_20190323_113846__01.png,,0,0.2625161250000012,,,,,,,,,
42,zaal_19__IMG_20190323_121242__01.png,zaal_19__IMG_20190323_121242__01.png,0.0,0.2591064999999979,,,,,,,,,
43,Zaal_C__20190323_112909__01.png,Zaal_C__20190323_112909__01.png,0.0,0.23804708300000144,,,,,,,,,
44,Zaal_F__20190323_115750__01.png,Zaal_F__20190323_115750__01.png,0.0,0.2427575420000032,,,,,,,,,
45,zaal_19__IMG_20190323_121124__01.png,zaal_19__IMG_20190323_121124__01.png,0.0,0.24225154200000176,,,,,,,,,
46,zaal_19__IMG_20190323_121523__11.png,zaal_19__IMG_20190323_121523__11.png,0.0,0.24144883299999975,,,,,,,,,
47,zaal_19__IMG_20190323_121523__05.png,zaal_19__IMG_20190323_121523__05.png,0.0,0.23625233299999948,,,,,,,,,
48,zaal_19__IMG_20190323_121622__08.png,zaal_19__IMG_20190323_121622__08.png,0.0,0.23672725000000128,,,,,,,,,
49,zaal_19__IMG_20190323_121102__01.png,zaal_19__IMG_20190323_121102__01.png,0.0,0.23834354199999908,,,,,,,,,
50,zaal_V__IMG_20190323_121804__01.png,zaal_V__IMG_20190323_121804__01.png,0.0,0.25285300000000177,,,,,,,,,
51,zaal_19__IMG_20190323_121604__08.png,zaal_19__IMG_20190323_121604__08.png,0.0,0.24229962499999758,,,,,,,,,
52,zaal_19__IMG_20190323_121523__13.png,zaal_19__IMG_20190323_121523__13.png,0.0,0.24248104200000142,,,,,,,,,
53,zaal_19__IMG_20190323_121523__07.png,zaal_19__IMG_20190323_121523__07.png,0.0,0.23731900000000294,,,,,,,,,
54,Zaal_C__20190323_112909__03.png,Zaal_C__20190323_112909__03.png,0.0,0.24121945799999978,,,,,,,,,
55,Zaal_N__20190323_123939__01.png,Zaal_N__20190323_123939__01.png,0.0,0.25004762500000055,,,,,,,,,
56,zaal_19__IMG_20190323_121457__09.png,zaal_19__IMG_20190323_121457__09.png,0.0,0.23557120799999964,,,,,,,,,
57,zaal_19__IMG_20190323_121447__09.png,zaal_19__IMG_20190323_121447__09.png,0.0,0.23772195800000162,,,,,,,,,
58,Zaal_K__20190323_122032__01.png,Zaal_K__20190323_122032__01.png,0.0,0.24390654200000128,,,,,,,,,
59,zaal_15__IMG_20190323_115217__01.png,zaal_15__IMG_20190323_115217__01.png,0.0,0.24666141599999847,,,,,,,,,
60,zaal_15__IMG_20190323_120144__01.png,zaal_15__IMG_20190323_120144__01.png,0.0,0.237165166999997,,,,,,,,,
61,Zaal_B__20190323_112501__01.png,Zaal_B__20190323_112501__01.png,0.0,0.2503789999999988,,,,,,,,,
62,zaal_19__IMG_20190323_121420__04.png,zaal_19__IMG_20190323_121420__04.png,0.0,0.23602999999999952,,,,,,,,,
63,zaal_19__IMG_20190323_121420__10.png,zaal_19__IMG_20190323_121420__10.png,0.0,0.23445091600000012,,,,,,,,,
64,zaal_S__IMG_20190323_122919__06.png,zaal_S__IMG_20190323_122919__06.png,0.0,0.23521383299999954,,,,,,,,,
65,zaal_15__IMG_20190323_115734__01.png,zaal_15__IMG_20190323_115734__01.png,0.0,0.242625125,,,,,,,,,
66,Zaal_J__20190323_121646__01.png,Zaal_J__20190323_121646__01.png,0.0,0.25434091699999684,,,,,,,,,
67,Zaal_K__20190323_122326__01.png,Zaal_K__20190323_122326__01.png,0.0,0.25196583299999986,,,,,,,,,
68,zaal_19__IMG_20190323_121207__04.png,zaal_19__IMG_20190323_121207__04.png,0.0,0.24019558400000207,,,,,,,,,
69,zaal_S__IMG_20190323_122741__01.png,zaal_S__IMG_20190323_122741__01.png,0.0,0.2548178750000005,,,,,,,,,
70,zaal_S__IMG_20190323_122834__01.png,zaal_S__IMG_20190323_122834__01.png,0.0,0.24162479199999964,,,,,,,,,
71,zaal_19__IMG_20190323_121216__01.png,zaal_19__IMG_20190323_121216__01.png,0.0,0.25002237500000035,,,,,,,,,
72,zaal_19__IMG_20190323_121230__03.png,zaal_19__IMG_20190323_121230__03.png,0.0,0.22699820800000126,,,,,,,,,
73,Zaal_G__20190323_120149__01.png,Zaal_G__20190323_120149__01.png,0.0,0.2519287080000012,,,,,,,,,
74,zaal_15__IMG_20190323_120003__01.png,,0,0.24457145799999935,,,,,,,,,
75,Zaal_M__20190323_123208__01.png,Zaal_M__20190323_123208__01.png,0.0,0.24598079100000092,,,,,,,,,
76,zaal_19__IMG_20190323_121230__02.png,zaal_19__IMG_20190323_121230__02.png,0.0,0.23537662500000067,,,,,,,,,
77,zaal_15__IMG_20190323_115515__01.png,zaal_15__IMG_20190323_115515__01.png,0.0,0.24491824999999778,,,,,,,,,
78,zaal_S__IMG_20190323_122812__02.png,zaal_S__IMG_20190323_122812__02.png,0.0,0.23855925000000155,,,,,,,,,
79,zaal_5__IMG_20190323_112747__01.png,zaal_5__IMG_20190323_112747__01.png,0.0,0.253335332999999,,,,,,,,,
80,Zaal_G__20190323_120427__01.png,Zaal_G__20190323_120427__01.png,0.0,0.2510789580000008,,,,,,,,,
81,zaal_19__IMG_20190323_121333__01.png,zaal_19__IMG_20190323_121333__01.png,0.0,0.23613666600000016,,,,,,,,,
82,zaal_9__IMG_20190323_113701__01.png,zaal_9__IMG_20190323_113701__01.png,0.0,0.24489137499999813,,,,,,,,,
83,zaal_19__IMG_20190323_121045__01.png,zaal_19__IMG_20190323_121045__01.png,0.0,0.2444406249999993,,,,,,,,,
84,zaal_15__IMG_20190323_115916__01.png,zaal_15__IMG_20190323_115916__01.png,0.0,0.23690862500000165,,,,,,,,,
85,zaal_8__IMG_20190323_113346__01.png,zaal_8__IMG_20190323_113346__01.png,0.0,0.256713916999999,,,,,,,,,
86,zaal_P__IMG_20190323_123756__01.png,zaal_P__IMG_20190323_123756__01.png,0.0,0.23895091700000393,,,,,,,,,
87,Zaal_F__20190323_120033__01.png,Zaal_F__20190323_120033__01.png,0.0,0.24723412499999853,,,,,,,,,
88,Zaal_L__20190323_122950__01.png,Zaal_L__20190323_122950__01.png,0.0,0.24855850000000146,,,,,,,,,
89,zaal_S__IMG_20190323_122919__07.png,zaal_S__IMG_20190323_122919__07.png,0.0,0.24243287500000577,,,,,,,,,
90,zaal_19__IMG_20190323_121420__11.png,zaal_19__IMG_20190323_121420__11.png,0.0,0.2441772499999999,,,,,,,,,
91,zaal_19__IMG_20190323_121037__01.png,zaal_19__IMG_20190323_121037__01.png,0.0,0.25185241700000205,,,,,,,,,
92,zaal_19__IMG_20190323_121420__05.png,zaal_19__IMG_20190323_121420__05.png,0.0,0.236164040999995,,,,,,,,,
93,zaal_19__IMG_20190323_121447__08.png,zaal_19__IMG_20190323_121447__08.png,0.0,0.24092595800000538,,,,,,,,,
94,zaal_19__IMG_20190323_121457__08.png,zaal_19__IMG_20190323_121457__08.png,0.0,0.24486791700000055,,,,,,,,,
95,zaal_R__IMG_20190323_123300__01.png,zaal_R__IMG_20190323_123300__01.png,0.0,0.24714662499999918,,,,,,,,,
96,Zaal_C__20190323_112909__02.png,Zaal_C__20190323_112909__02.png,0.0,0.2366479170000062,,,,,,,,,
97,zaal_19__IMG_20190323_121523__06.png,zaal_19__IMG_20190323_121523__06.png,0.0,0.24769287500000559,,,,,,,,,
98,zaal_19__IMG_20190323_121523__12.png,zaal_19__IMG_20190323_121523__12.png,0.0,0.2404615000000021,,,,,,,,,
99,zaal_19__IMG_20190323_121604__09.png,zaal_19__IMG_20190323_121604__09.png,0.0,0.24001391699999886,,,,,,,,,
100,Zaal_E__20190323_115421__01.png,Zaal_E__20190323_115421__01.png,0.0,0.24654100000000057,,,,,,,,,
101,zaal_6__IMG_20190323_112917__01.png,zaal_6__IMG_20190323_112917__01.png,0.0,0.2445871660000023,,,,,,,,,
102,zaal_19__IMG_20190323_121523__02.png,zaal_19__IMG_20190323_121523__02.png,0.0,0.2376398330000029,,,,,,,,,
103,zaal_S__IMG_20190323_122944__02.png,zaal_S__IMG_20190323_122944__02.png,0.0,0.23246558299999975,,,,,,,,,
104,zaal_S__IMG_20190323_123036__01.png,zaal_S__IMG_20190323_123036__01.png,0.0,0.24135474999999929,,,,,,,,,
105,Zaal_A__20190323_111857__01.png,Zaal_A__20190323_111857__01.png,0.0,0.2434730000000016,,,,,,,,,
106,zaal_2__IMG_20190323_112200__02.png,zaal_2__IMG_20190323_112200__02.png,0.0,0.23921133300000008,,,,,,,,,
107,Zaal_C__20190323_112909__06.png,Zaal_C__20190323_112909__06.png,0.0,0.2348570830000014,,,,,,,,,
108,zaal_17__IMG_20190323_120617__01.png,zaal_17__IMG_20190323_120617__01.png,0.0,0.24844908299999702,,,,,,,,,
109,zaal_1__IMG_20190323_111852__01.png,zaal_1__IMG_20190323_111852__01.png,0.0,0.24976512499999615,,,,,,,,,
110,zaal_S__IMG_20190323_122547__02.png,zaal_S__IMG_20190323_122547__02.png,0.0,0.23648487500000215,,,,,,,,,
111,zaal_10__IMG_20190323_113909__01.png,zaal_10__IMG_20190323_113909__01.png,0.0,0.24469766700000406,,,,,,,,,
112,zaal_19__IMG_20190323_121420__01.png,zaal_19__IMG_20190323_121420__01.png,0.0,0.23433687500000389,,,,,,,,,
113,zaal_S__IMG_20190323_122919__03.png,zaal_S__IMG_20190323_122919__03.png,0.0,0.23430954199999832,,,,,,,,,
114,zaal_S__IMG_20190323_122803__03.png,zaal_S__IMG_20190323_122803__03.png,0.0,0.24517441599999756,,,,,,,,,
115,Zaal_G__20190323_120503__01.png,Zaal_G__20190323_120503__01.png,0.0,0.24840441599999963,,,,,,,,,
116,zaal_14__IMG_20190323_114807__01.png,zaal_14__IMG_20190323_114807__01.png,0.0,0.2490162920000003,,,,,,,,,
117,zaal_19__IMG_20190323_121207__01.png,zaal_19__IMG_20190323_121207__01.png,0.0,0.23565362499999765,,,,,,,,,
118,zaal_15__IMG_20190323_115822__01.png,zaal_15__IMG_20190323_115822__01.png,0.0,0.24934891699999895,,,,,,,,,
119,Zaal_M__20190323_123401__01.png,Zaal_M__20190323_123401__01.png,0.0,0.24677950000000237,,,,,,,,,
120,zaal_15__IMG_20190323_115747__01.png,,0,0.24092024999999495,,,,,,,,,
121,zaal_S__IMG_20190323_122638__01.png,zaal_S__IMG_20190323_122638__01.png,0.0,0.2421497090000031,,,,,,,,,
122,zaal_15__IMG_20190323_115559__01.png,zaal_15__IMG_20190323_115559__01.png,0.0,0.24008283300000244,,,,,,,,,
123,zaal_19__IMG_20190323_121434__09.png,zaal_19__IMG_20190323_121434__09.png,0.0,0.2356149999999957,,,,,,,,,
124,zaal_S__IMG_20190323_122910__01.png,zaal_S__IMG_20190323_122910__01.png,0.0,0.24368850000000464,,,,,,,,,
125,zaal_19__IMG_20190323_121434__08.png,zaal_19__IMG_20190323_121434__08.png,0.0,0.23522154100000137,,,,,,,,,
126,zaal_19__IMG_20190323_121054__01.png,zaal_19__IMG_20190323_121054__01.png,0.0,0.24170966700000207,,,,,,,,,
127,zaal_S__IMG_20190323_123009__01.png,zaal_S__IMG_20190323_123009__01.png,0.0,0.2421756659999943,,,,,,,,,
128,zaal_19__IMG_20190323_121333__04.png,zaal_19__IMG_20190323_121333__04.png,0.0,0.23861979099999786,,,,,,,,,
129,zaal_6__IMG_20190323_112938__01.png,zaal_6__IMG_20190323_112938__01.png,0.0,0.2488911250000001,,,,,,,,,
130,zaal_15__IMG_20190323_115351__01.png,zaal_15__IMG_20190323_115351__01.png,0.0,0.2523556659999997,,,,,,,,,
131,Zaal_M__20190323_123642__01.png,Zaal_M__20190323_123642__01.png,0.0,0.24914366599999482,,,,,,,,,
132,zaal_S__IMG_20190323_122803__02.png,zaal_S__IMG_20190323_122803__02.png,0.0,0.25550550000000527,,,,,,,,,
133,zaal_S__IMG_20190323_122919__02.png,zaal_S__IMG_20190323_122919__02.png,0.0,0.2394453749999954,,,,,,,,,
134,zaal_S__IMG_20190323_122617__01.png,zaal_S__IMG_20190323_122617__01.png,0.0,0.24639754200000397,,,,,,,,,
135,Zaal_M__20190323_123630__01.png,Zaal_M__20190323_123630__01.png,0.0,0.2519210410000028,,,,,,,,,
136,zaal_S__IMG_20190323_122547__03.png,zaal_S__IMG_20190323_122547__03.png,0.0,0.24937375000000372,,,,,,,,,
137,zaal_15__IMG_20190323_120118__01.png,zaal_15__IMG_20190323_120118__01.png,0.0,0.2450772909999941,,,,,,,,,
138,Zaal_M__20190323_123303__01.png,Zaal_M__20190323_123303__01.png,0.0,0.2465262079999988,,,,,,,,,
139,Zaal_D__20190323_113313__01.png,Zaal_D__20190323_113313__01.png,0.0,0.2475915420000021,,,,,,,,,
140,Zaal_I__20190323_121107__01.png,Zaal_I__20190323_121107__01.png,0.0,0.25910833300000036,,,,,,,,,
141,zaal_2__IMG_20190323_112200__03.png,zaal_2__IMG_20190323_112200__03.png,0.0,0.23946562500000113,,,,,,,,,
142,zaal_S__IMG_20190323_122944__03.png,zaal_S__IMG_20190323_122944__03.png,0.0,0.2340140419999983,,,,,,,,,
143,zaal_2__IMG_20190323_112038__01.png,zaal_2__IMG_20190323_112038__01.png,0.0,0.23427041699999762,,,,,,,,,
144,zaal_19__IMG_20190323_121523__03.png,zaal_19__IMG_20190323_121523__03.png,0.0,0.23508095900000114,,,,,,,,,
145,zaal_19__IMG_20190323_121523__01.png,zaal_19__IMG_20190323_121523__01.png,0.0,0.23520741699999803,,,,,,,,,
146,zaal_S__IMG_20190323_122944__01.png,zaal_S__IMG_20190323_122944__01.png,0.0,0.24198883300000062,,,,,,,,,
147,zaal_8__IMG_20190323_113303__01.png,zaal_8__IMG_20190323_113303__01.png,0.0,0.25081299999999374,,,,,,,,,
148,Zaal_I__20190323_121131__01.png,Zaal_I__20190323_121131__01.png,0.0,0.2558900410000007,,,,,,,,,
149,zaal_P__IMG_20190323_123713__01.png,zaal_P__IMG_20190323_123713__01.png,0.0,0.2559227919999998,,,,,,,,,
150,Zaal_C__20190323_112909__05.png,Zaal_C__20190323_112909__05.png,0.0,0.23668212499999441,,,,,,,,,
151,zaal_2__IMG_20190323_112200__01.png,zaal_2__IMG_20190323_112200__01.png,0.0,0.24451483300000376,,,,,,,,,
152,zaal_S__IMG_20190323_122547__01.png,zaal_S__IMG_20190323_122547__01.png,0.0,0.23623975000000286,,,,,,,,,
153,zaal_S__IMG_20190323_122759__01.png,zaal_S__IMG_20190323_122759__01.png,0.0,0.23760420800000048,,,,,,,,,
154,zaal_19__IMG_20190323_121545__09.png,zaal_19__IMG_20190323_121545__09.png,0.0,0.23597370799999595,,,,,,,,,
155,Zaal_E__20190323_114705__01.png,Zaal_E__20190323_114705__01.png,0.0,0.24806020900000192,,,,,,,,,
156,Zaal_H__20190323_120815__01.png,Zaal_H__20190323_120815__01.png,0.0,0.24849416699999693,,,,,,,,,
157,zaal_15__IMG_20190323_120248__01.png,zaal_15__IMG_20190323_120248__01.png,0.0,0.24406612500000335,,,,,,,,,
158,zaal_19__IMG_20190323_121420__02.png,zaal_19__IMG_20190323_121420__02.png,0.0,0.23979791600000055,,,,,,,,,
159,zaal_19__IMG_20190323_121207__02.png,,0,0.22956854099999902,,,,,,,,,
160,zaal_15__IMG_20190323_115532__01.png,zaal_15__IMG_20190323_115532__01.png,0.0,0.2405631670000048,,,,,,,,,
161,zaal_19__IMG_20190323_121537__09.png,zaal_19__IMG_20190323_121537__09.png,0.0,0.23419908300000003,,,,,,,,,
162,zaal_O__IMG_20190323_124111__01.png,zaal_O__IMG_20190323_124111__01.png,0.0,0.2490019579999938,,,,,,,,,
163,zaal_19__IMG_20190323_120936__01.png,zaal_19__IMG_20190323_120936__01.png,0.0,0.2478533330000019,,,,,,,,,
164,zaal_S__IMG_20190323_122553__08.png,zaal_S__IMG_20190323_122553__08.png,0.0,0.2371423750000048,,,,,,,,,
165,zaal_19__IMG_20190323_121230__04.png,zaal_19__IMG_20190323_121230__04.png,0.0,0.23904254199999997,,,,,,,,,
166,zaal_19__IMG_20190323_121157__01.png,zaal_19__IMG_20190323_121157__01.png,0.0,0.23855029200000644,,,,,,,,,
167,zaal_8__IMG_20190323_113401__01.png,zaal_8__IMG_20190323_113401__01.png,0.0,0.2436071670000004,,,,,,,,,
168,zaal_19__IMG_20190323_121537__08.png,zaal_19__IMG_20190323_121537__08.png,0.0,0.23759833399999764,,,,,,,,,
169,zaal_19__IMG_20190323_121207__03.png,zaal_19__IMG_20190323_121207__03.png,0.0,0.23422725000000355,,,,,,,,,
170,zaal_6__IMG_20190323_112938__02.png,zaal_6__IMG_20190323_112938__02.png,0.0,0.24320604100000054,,,,,,,,,
171,zaal_19__IMG_20190323_121349__01.png,zaal_19__IMG_20190323_121349__01.png,0.0,0.24439966700000326,,,,,,,,,
172,zaal_19__IMG_20190323_121221__01.png,zaal_19__IMG_20190323_121221__01.png,0.0,0.24455591600000304,,,,,,,,,
173,zaal_S__IMG_20190323_122803__01.png,,0,0.21084350000000285,,,,,,,,,
174,zaal_19__IMG_20190323_121420__03.png,zaal_19__IMG_20190323_121420__03.png,0.0,0.2380378750000034,,,,,,,,,
175,zaal_S__IMG_20190323_122919__01.png,zaal_S__IMG_20190323_122919__01.png,0.0,0.2373216659999997,,,,,,,,,
176,zaal_14__IMG_20190323_114853__01.png,zaal_14__IMG_20190323_114853__01.png,0.0,0.24511700000000047,,,,,,,,,
177,zaal_19__IMG_20190323_121545__08.png,zaal_19__IMG_20190323_121545__08.png,0.0,0.23739612500000362,,,,,,,,,
178,zaal_12__IMG_20190323_114238__01.png,zaal_12__IMG_20190323_114238__01.png,0.0,0.24700995899999612,,,,,,,,,
179,zaal_13__IMG_20190323_114519__01.png,zaal_13__IMG_20190323_114519__01.png,0.0,0.2523397920000008,,,,,,,,,
180,zaal_V__IMG_20190323_121823__01.png,zaal_V__IMG_20190323_121823__01.png,0.0,0.24413150000000172,,,,,,,,,
181,zaal_V__IMG_20190323_121833__01.png,zaal_V__IMG_20190323_121833__01.png,0.0,0.25035637500000263,,,,,,,,,
182,zaal_V__IMG_20190323_121746__01.png,zaal_V__IMG_20190323_121746__01.png,0.0,0.24909045800000484,,,,,,,,,
183,Zaal_C__20190323_112909__04.png,Zaal_C__20190323_112909__04.png,0.0,0.2373862920000036,,,,,,,,,
184,Zaal_M__20190323_123455__01.png,Zaal_M__20190323_123455__01.png,0.0,0.24613166700000022,,,,,,,,,
185,Zaal_M__20190323_123723__01.png,Zaal_M__20190323_123723__01.png,0.0,0.2534945000000022,,,,,,,,,
186,zaal_19__IMG_20190323_120954__01.png,zaal_19__IMG_20190323_120954__01.png,0.0,0.240489457999999,,,,,,,,,
187,zaal_P__IMG_20190323_123708__01.png,zaal_P__IMG_20190323_123708__01.png,0.0,0.2476010840000029,,,,,,,,,
188,zaal_19__IMG_20190323_121205__01.png,zaal_19__IMG_20190323_121205__01.png,0.0,0.25226612500000556,,,,,,,,,
189,zaal_14__IMG_20190323_114815__01.png,zaal_14__IMG_20190323_114815__01.png,0.0,0.244395499999996,,,,,,,,,
190,Zaal_C__20190323_112836__01.png,Zaal_C__20190323_112836__01.png,0.0,0.23836849999999288,,,,,,,,,
191,zaal_18__IMG_20190323_120713__01.png,zaal_18__IMG_20190323_120713__01.png,0.0,0.24661508399999832,,,,,,,,,
192,zaal_13__IMG_20190323_114629__01.png,zaal_13__IMG_20190323_114629__01.png,0.0,0.2532980000000009,,,,,,,,,
193,zaal_15__IMG_20190323_120243__01.png,zaal_15__IMG_20190323_120243__01.png,0.0,0.24495333400000163,,,,,,,,,
194,zaal_15__IMG_20190323_120253__01.png,zaal_15__IMG_20190323_120253__01.png,0.0,0.24863620899999717,,,,,,,,,
195,zaal_S__IMG_20190323_122752__01.png,zaal_S__IMG_20190323_122752__01.png,0.0,0.23731424999999717,,,,,,,,,
196,zaal_15__IMG_20190323_120135__01.png,zaal_15__IMG_20190323_120135__01.png,0.0,0.25248645899999644,,,,,,,,,
197,Zaal_L__20190323_122703__01.png,,0,0.2492809999999963,,,,,,,,,
198,Zaal_K__20190323_122357__01.png,,0,0.22623633400000642,,,,,,,,,
199,zaal_S__IMG_20190323_122844__04.png,zaal_S__IMG_20190323_122844__04.png,0.0,0.2404174999999924,,,,,,,,,
200,zaal_S__IMG_20190323_122730__01.png,zaal_S__IMG_20190323_122730__01.png,0.0,0.24138458400000218,,,,,,,,,
201,zaal_S__IMG_20190323_122720__01.png,zaal_S__IMG_20190323_122720__01.png,0.0,0.2405269580000038,,,,,,,,,
202,zaal_15__IMG_20190323_115539__01.png,zaal_15__IMG_20190323_115539__01.png,0.0,0.24761549999999488,,,,,,,,,
203,zaal_18__IMG_20190323_120814__01.png,zaal_18__IMG_20190323_120814__01.png,0.0,0.24964599999999848,,,,,,,,,
204,zaal_16__IMG_20190323_120417__01.png,zaal_16__IMG_20190323_120417__01.png,0.0,0.2545256249999994,,,,,,,,,
205,zaal_V__IMG_20190323_121817__01.png,zaal_V__IMG_20190323_121817__01.png,0.0,0.2526120840000061,,,,,,,,,
206,Zaal_F__20190323_120115__01.png,Zaal_F__20190323_120115__01.png,0.0,0.2506632919999987,,,,,,,,,
207,Zaal_E__20190323_114457__01.png,Zaal_E__20190323_114457__01.png,0.0,0.24708662499999434,,,,,,,,,
208,zaal_15__IMG_20190323_120304__01.png,zaal_15__IMG_20190323_120304__01.png,0.0,0.24153400000000147,,,,,,,,,
209,zaal_15__IMG_20190323_115249__01.png,zaal_15__IMG_20190323_115249__01.png,0.0,0.2474499999999864,,,,,,,,,
210,zaal_19__IMG_20190323_121339__02.png,zaal_19__IMG_20190323_121339__02.png,0.0,0.2371551669999974,,,,,,,,,
211,zaal_19__IMG_20190323_121342__01.png,zaal_19__IMG_20190323_121342__01.png,0.0,0.2582884589999992,,,,,,,,,
212,zaal_19__IMG_20190323_121507__01.png,zaal_19__IMG_20190323_121507__01.png,0.0,0.24111279199999558,,,,,,,,,
213,zaal_P__IMG_20190323_123727__01.png,zaal_P__IMG_20190323_123727__01.png,0.0,0.24530750000000978,,,,,,,,,
214,zaal_S__IMG_20190323_122844__05.png,zaal_S__IMG_20190323_122844__05.png,0.0,0.23321504099999402,,,,,,,,,
215,zaal_8__IMG_20190323_113355__01.png,zaal_8__IMG_20190323_113355__01.png,0.0,0.2467964579999915,,,,,,,,,
216,zaal_13__IMG_20190323_114502__01.png,zaal_13__IMG_20190323_114502__01.png,0.0,0.2462475420000061,,,,,,,,,
217,zaal_10__IMG_20190323_113924__01.png,zaal_10__IMG_20190323_113924__01.png,0.0,0.27581841700001064,,,,,,,,,
218,zaal_2__IMG_20190323_112120__01.png,zaal_2__IMG_20190323_112120__01.png,0.0,0.3765566250000063,,,,,,,,,
219,zaal_2__IMG_20190323_112058__01.png,zaal_2__IMG_20190323_112058__01.png,0.0,0.2692873330000083,,,,,,,,,
220,zaal_2__IMG_20190323_112130__01.png,zaal_2__IMG_20190323_112130__01.png,0.0,0.24714395800000943,,,,,,,,,
221,zaal_S__IMG_20190323_122902__01.png,zaal_S__IMG_20190323_122902__01.png,0.0,0.2668656249999941,,,,,,,,,
222,Zaal_E__20190323_114836__01.png,Zaal_E__20190323_114836__01.png,0.0,0.25241499999999917,,,,,,,,,
223,zaal_P__IMG_20190323_123820__01.png,zaal_P__IMG_20190323_123820__01.png,0.0,0.24714745900000423,,,,,,,,,
224,Zaal_I__20190323_121200__04.png,Zaal_I__20190323_121200__04.png,0.0,0.23605750000000114,,,,,,,,,
225,zaal_P__IMG_20190323_123806__01.png,,0,0.24763608400000692,,,,,,,,,
226,zaal_S__IMG_20190323_122537__01.png,zaal_S__IMG_20190323_122537__01.png,0.0,0.2457899169999962,,,,,,,,,
227,zaal_S__IMG_20190323_122651__01.png,zaal_S__IMG_20190323_122651__01.png,0.0,0.2464291249999917,,,,,,,,,
228,Zaal_C__20190323_112836__02.png,Zaal_C__20190323_112836__02.png,0.0,0.23727429199999506,,,,,,,,,
229,zaal_S__IMG_20190323_122641__01.png,zaal_S__IMG_20190323_122641__01.png,0.0,0.22809112500000595,,,,,,,,,
230,zaal_15__IMG_20190323_115520__01.png,zaal_15__IMG_20190323_115520__01.png,0.0,0.2484232079999913,,,,,,,,,
231,zaal_13__IMG_20190323_114642__01.png,zaal_13__IMG_20190323_114642__01.png,0.0,0.2518994999999933,,,,,,,,,
232,zaal_2__IMG_20190323_112058__03.png,zaal_2__IMG_20190323_112058__03.png,0.0,0.23797779199999525,,,,,,,,,
233,zaal_2__IMG_20190323_112120__03.png,zaal_2__IMG_20190323_112120__03.png,0.0,0.24210308400000713,,,,,,,,,
234,zaal_9__IMG_20190323_113734__01.png,zaal_9__IMG_20190323_113734__01.png,0.0,0.2480892499999925,,,,,,,,,
235,zaal_2__IMG_20190323_112130__03.png,zaal_2__IMG_20190323_112130__03.png,0.0,0.24151258300000222,,,,,,,,,
236,zaal_19__IMG_20190323_121118__01.png,zaal_19__IMG_20190323_121118__01.png,0.0,0.24430941700001085,,,,,,,,,
237,zaal_S__IMG_20190323_122844__07.png,zaal_S__IMG_20190323_122844__07.png,0.0,0.2446860000000015,,,,,,,,,
238,zaal_7__IMG_20190323_113103__01.png,zaal_7__IMG_20190323_113103__01.png,0.0,0.24329145899999105,,,,,,,,,
239,Zaal_K__20190323_122357__02.png,,0,0.21855629200000237,,,,,,,,,
240,zaal_19__IMG_20190323_121012__01.png,zaal_19__IMG_20190323_121012__01.png,0.0,0.2454448749999898,,,,,,,,,
241,zaal_S__IMG_20190323_122720__02.png,zaal_S__IMG_20190323_122720__02.png,0.0,0.2461657909999957,,,,,,,,,
242,zaal_19__IMG_20190323_121507__03.png,zaal_19__IMG_20190323_121507__03.png,0.0,0.23406687500001055,,,,,,,,,
243,zaal_10__IMG_20190323_113818__01.png,zaal_10__IMG_20190323_113818__01.png,0.0,0.2506720839999872,,,,,,,,,
244,Zaal_E__20190323_115458__01.png,Zaal_E__20190323_115458__01.png,0.0,0.25053433400000813,,,,,,,,,
245,zaal_R__IMG_20190323_123325__01.png,zaal_R__IMG_20190323_123325__01.png,0.0,0.2468908750000054,,,,,,,,,
246,Zaal_M__20190323_123614__01.png,Zaal_M__20190323_123614__01.png,0.0,0.24488554200000578,,,,,,,,,
247,Zaal_K__20190323_122122__01.png,Zaal_K__20190323_122122__01.png,0.0,0.24876537499999074,,,,,,,,,
248,Zaal_D__20190323_114017__01.png,Zaal_D__20190323_114017__01.png,0.0,0.25413854199999264,,,,,,,,,
249,Zaal_M__20190323_123139__01.png,Zaal_M__20190323_123139__01.png,0.0,0.24758341599999767,,,,,,,,,
250,zaal_15__IMG_20190323_120044__01.png,zaal_15__IMG_20190323_120044__01.png,0.0,0.24435975000000099,,,,,,,,,
251,zaal_17__IMG_20190323_120545__01.png,zaal_17__IMG_20190323_120545__01.png,0.0,0.24564645800001017,,,,,,,,,
252,zaal_19__IMG_20190323_121339__01.png,zaal_19__IMG_20190323_121339__01.png,0.0,0.24344750000000204,,,,,,,,,
253,zaal_19__IMG_20190323_121329__01.png,zaal_19__IMG_20190323_121329__01.png,0.0,0.24583524999999895,,,,,,,,,
254,zaal_19__IMG_20190323_121507__02.png,zaal_19__IMG_20190323_121507__02.png,0.0,0.23778154200000756,,,,,,,,,
255,zaal_15__IMG_20190323_115222__01.png,zaal_15__IMG_20190323_115222__01.png,0.0,0.24454487500000255,,,,,,,,,
256,zaal_S__IMG_20190323_122720__03.png,zaal_S__IMG_20190323_122720__03.png,0.0,0.23753262500000005,,,,,,,,,
257,zaal_6__IMG_20190323_112923__01.png,zaal_6__IMG_20190323_112923__01.png,0.0,0.2442739999999901,,,,,,,,,
258,zaal_5__IMG_20190323_112625__01.png,zaal_5__IMG_20190323_112625__01.png,0.0,0.2605014999999895,,,,,,,,,
259,zaal_S__IMG_20190323_122844__06.png,zaal_S__IMG_20190323_122844__06.png,0.0,0.24741637500000024,,,,,,,,,
260,Zaal_K__20190323_122357__03.png,,0,0.23507058299999528,,,,,,,,,
261,Zaal_D__20190323_113753__01.png,Zaal_D__20190323_113753__01.png,0.0,0.24523387499999671,,,,,,,,,
262,zaal_2__IMG_20190323_112130__02.png,zaal_2__IMG_20190323_112130__02.png,0.0,0.23868687499999908,,,,,,,,,
263,zaal_2__IMG_20190323_112058__02.png,zaal_2__IMG_20190323_112058__02.png,0.0,0.24088195800000278,,,,,,,,,
264,zaal_2__IMG_20190323_112120__02.png,zaal_2__IMG_20190323_112120__02.png,0.0,0.2405804579999966,,,,,,,,,
265,Zaal_D__20190323_114140__01.png,Zaal_D__20190323_114140__01.png,0.0,0.2547120419999942,,,,,,,,,
266,zaal_16__IMG_20190323_120443__01.png,zaal_16__IMG_20190323_120443__01.png,0.0,0.248953666999995,,,,,,,,,
267,zaal_18__IMG_20190323_120725__01.png,,0,0.24831450000000643,,,,,,,,,
268,zaal_18__IMG_20190323_120735__01.png,zaal_18__IMG_20190323_120735__01.png,0.0,0.25188241700000447,,,,,,,,,
269,Zaal_C__20190323_112836__03.png,Zaal_C__20190323_112836__03.png,0.0,0.23834720799999332,,,,,,,,,
270,zaal_1__IMG_20190323_111804__01.png,zaal_1__IMG_20190323_111804__01.png,0.0,0.24535166699999422,,,,,,,,,
271,zaal_19__IMG_20190323_121155__01.png,zaal_19__IMG_20190323_121155__01.png,0.0,0.24703033299999788,,,,,,,,,
272,zaal_7__IMG_20190323_113216__01.png,zaal_7__IMG_20190323_113216__01.png,0.0,0.25120700000000795,,,,,,,,,
273,zaal_14__IMG_20190323_114917__01.png,zaal_14__IMG_20190323_114917__01.png,0.0,0.29174820800000134,,,,,,,,,
274,zaal_S__IMG_20190323_122925__01.png,zaal_S__IMG_20190323_122925__01.png,0.0,0.24103879099999403,,,,,,,,,
275,Zaal_I__20190323_121200__03.png,Zaal_I__20190323_121200__03.png,0.0,0.24141762499999686,,,,,,,,,
276,zaal_19__IMG_20190323_121411__08.png,zaal_19__IMG_20190323_121411__08.png,0.0,0.23668954100000406,,,,,,,,,
277,zaal_19__IMG_20190323_121321__03.png,zaal_19__IMG_20190323_121321__03.png,0.0,0.238830875000005,,,,,,,,,
278,zaal_2__IMG_20190323_112107__01.png,zaal_2__IMG_20190323_112107__01.png,0.0,0.2330936250000093,,,,,,,,,
279,zaal_13__IMG_20190323_114535__01.png,zaal_13__IMG_20190323_114535__01.png,0.0,0.24707991700000775,,,,,,,,,
280,zaal_12__IMG_20190323_114204__01.png,zaal_12__IMG_20190323_114204__01.png,0.0,0.25487712500000725,,,,,,,,,
281,Zaal_C__20190323_112836__07.png,,0,0.23232829199999117,,,,,,,,,
282,zaal_1__IMG_20190323_111858__01.png,,0,0.25727583300000845,,,,,,,,,
283,Zaal_F__20190323_115808__01.png,Zaal_F__20190323_115808__01.png,0.0,0.2461519590000023,,,,,,,,,
284,Zaal_A__20190323_111925__01.png,Zaal_A__20190323_111925__01.png,0.0,0.2506807500000008,,,,,,,,,
285,zaal_S__IMG_20190323_122844__02.png,zaal_S__IMG_20190323_122844__02.png,0.0,0.23784933299999977,,,,,,,,,
286,Zaal_L__20190323_122601__01.png,Zaal_L__20190323_122601__01.png,0.0,0.2453430420000018,,,,,,,,,
287,zaal_S__IMG_20190323_122720__07.png,zaal_S__IMG_20190323_122720__07.png,0.0,0.23822687500000939,,,,,,,,,
288,zaal_19__IMG_20190323_121110__02.png,zaal_19__IMG_20190323_121110__02.png,0.0,0.24291087500000685,,,,,,,,,
289,zaal_19__IMG_20190323_121507__06.png,zaal_19__IMG_20190323_121507__06.png,0.0,0.23997533399999327,,,,,,,,,
290,zaal_15__IMG_20190323_115950__01.png,zaal_15__IMG_20190323_115950__01.png,0.0,0.24985641600000008,,,,,,,,,
291,zaal_19__IMG_20190323_121003__01.png,zaal_19__IMG_20190323_121003__01.png,0.0,0.2399861250000015,,,,,,,,,
292,zaal_15__IMG_20190323_115940__01.png,zaal_15__IMG_20190323_115940__01.png,0.0,0.24559391599999003,,,,,,,,,
293,zaal_S__IMG_20190323_122649__02.png,zaal_S__IMG_20190323_122649__02.png,0.0,0.23944249999999556,,,,,,,,,
294,Zaal_A__20190323_111544__01.png,Zaal_A__20190323_111544__01.png,0.0,0.24715920899998878,,,,,,,,,
295,zaal_19__IMG_20190323_120957__01.png,zaal_19__IMG_20190323_120957__01.png,0.0,0.24169437499999447,,,,,,,,,
296,zaal_S__IMG_20190323_122809__02.png,zaal_S__IMG_20190323_122809__02.png,0.0,0.23378362500000094,,,,,,,,,
297,zaal_15__IMG_20190323_120008__01.png,zaal_15__IMG_20190323_120008__01.png,0.0,0.24670633300000588,,,,,,,,,
298,zaal_19__IMG_20190323_121110__03.png,zaal_19__IMG_20190323_121110__03.png,0.0,0.24486408299999596,,,,,,,,,
299,zaal_19__IMG_20190323_121507__07.png,zaal_19__IMG_20190323_121507__07.png,0.0,0.24473529200000144,,,,,,,,,
300,zaal_S__IMG_20190323_122720__06.png,zaal_S__IMG_20190323_122720__06.png,0.0,0.23840620800000067,,,,,,,,,
301,zaal_V__IMG_20190323_121820__01.png,zaal_V__IMG_20190323_121820__01.png,0.0,0.2471343330000053,,,,,,,,,
302,zaal_16__IMG_20190323_120430__01.png,zaal_16__IMG_20190323_120430__01.png,0.0,0.25451624999999467,,,,,,,,,
303,zaal_19__IMG_20190323_121250__01.png,zaal_19__IMG_20190323_121250__01.png,0.0,0.2543553749999887,,,,,,,,,
304,Zaal_H__20190323_120646__01.png,Zaal_H__20190323_120646__01.png,0.0,0.24699720899999988,,,,,,,,,
305,zaal_18__IMG_20190323_120756__01.png,zaal_18__IMG_20190323_120756__01.png,0.0,0.24614833300000782,,,,,,,,,
306,zaal_18__IMG_20190323_120746__01.png,zaal_18__IMG_20190323_120746__01.png,0.0,0.2538611660000072,,,,,,,,,
307,zaal_S__IMG_20190323_122844__03.png,zaal_S__IMG_20190323_122844__03.png,0.0,0.23577562500000226,,,,,,,,,
308,Zaal_N__20190323_124009__01.png,Zaal_N__20190323_124009__01.png,0.0,0.25709479200000374,,,,,,,,,
309,zaal_8__IMG_20190323_113257__01.png,zaal_8__IMG_20190323_113257__01.png,0.0,0.2510770420000057,,,,,,,,,
310,Zaal_C__20190323_112836__12.png,,0,0.23855391600000075,,,,,,,,,
311,Zaal_C__20190323_112836__06.png,,0,0.23496808299999827,,,,,,,,,
312,Zaal_L__20190323_122756__01.png,Zaal_L__20190323_122756__01.png,0.0,0.2517569169999945,,,,,,,,,
313,Zaal_B__20190323_112302__01.png,Zaal_B__20190323_112302__01.png,0.0,0.2467270420000034,,,,,,,,,
314,zaal_V__IMG_20190323_121737__01.png,zaal_V__IMG_20190323_121737__01.png,0.0,0.2410061249999984,,,,,,,,,
315,Zaal_F__20190323_115845__01.png,Zaal_F__20190323_115845__01.png,0.0,0.24575454200000024,,,,,,,,,
316,zaal_V__IMG_20190323_121727__01.png,zaal_V__IMG_20190323_121727__01.png,0.0,0.2513651669999888,,,,,,,,,
317,zaal_19__IMG_20190323_121321__02.png,zaal_19__IMG_20190323_121321__02.png,0.0,0.24939291700000865,,,,,,,,,
318,Zaal_I__20190323_121200__02.png,Zaal_I__20190323_121200__02.png,0.0,0.2429947919999904,,,,,,,,,
319,zaal_19__IMG_20190323_121411__09.png,zaal_19__IMG_20190323_121411__09.png,0.0,0.23658745799998826,,,,,,,,,
320,zaal_19__IMG_20190323_120903__01.png,zaal_19__IMG_20190323_120903__01.png,0.0,0.23890491699999927,,,,,,,,,
321,zaal_2__IMG_20190323_112107__02.png,zaal_2__IMG_20190323_112107__02.png,0.0,0.23404562499999315,,,,,,,,,
322,zaal_R__IMG_20190323_123255__01.png,zaal_R__IMG_20190323_123255__01.png,0.0,0.24930541599999856,,,,,,,,,
323,Zaal_B__20190323_112409__01.png,Zaal_B__20190323_112409__01.png,0.0,0.25483754100000056,,,,,,,,,
324,Zaal_C__20190323_112836__10.png,,0,0.23814508300000625,,,,,,,,,
325,Zaal_C__20190323_112836__04.png,Zaal_C__20190323_112836__04.png,0.0,0.23644033400000808,,,,,,,,,
326,zaal_2__IMG_20190323_112130__05.png,zaal_2__IMG_20190323_112130__05.png,0.0,0.2364660409999999,,,,,,,,,
327,zaal_15__IMG_20190323_115959__01.png,zaal_15__IMG_20190323_115959__01.png,0.0,0.24370087500000182,,,,,,,,,
328,Zaal_F__20190323_115716__01.png,Zaal_F__20190323_115716__01.png,0.0,0.24548033300000327,,,,,,,,,
329,zaal_8__IMG_20190323_113309__01.png,zaal_8__IMG_20190323_113309__01.png,0.0,0.25138458300000366,,,,,,,,,
330,zaal_S__IMG_20190323_122844__01.png,zaal_S__IMG_20190323_122844__01.png,0.0,0.26093108299998846,,,,,,,,,
331,zaal_16__IMG_20190323_120406__01.png,zaal_16__IMG_20190323_120406__01.png,0.0,0.246970833000006,,,,,,,,,
332,Zaal_K__20190323_122357__04.png,,0,0.22415395800000226,,,,,,,,,
333,zaal_13__IMG_20190323_114444__01.png,zaal_13__IMG_20190323_114444__01.png,0.0,0.2437601670000049,,,,,,,,,
334,zaal_19__IMG_20190323_121507__05.png,zaal_19__IMG_20190323_121507__05.png,0.0,0.23419433399999434,,,,,,,,,
335,zaal_19__IMG_20190323_121110__01.png,zaal_19__IMG_20190323_121110__01.png,0.0,0.2339392920000023,,,,,,,,,
336,zaal_S__IMG_20190323_122720__04.png,zaal_S__IMG_20190323_122720__04.png,0.0,0.24538341699999933,,,,,,,,,
337,zaal_19__IMG_20190323_121100__01.png,zaal_19__IMG_20190323_121100__01.png,0.0,0.24538170799999648,,,,,,,,,
338,Zaal_B__20190323_112346__01.png,,0,0.2500901669999962,,,,,,,,,
339,zaal_15__IMG_20190323_120146__01.png,zaal_15__IMG_20190323_120146__01.png,0.0,0.23871025000001111,,,,,,,,,
340,zaal_6__IMG_20190323_112904__01.png,zaal_6__IMG_20190323_112904__01.png,0.0,0.24739958399999296,,,,,,,,,
341,zaal_18__IMG_20190323_120805__01.png,zaal_18__IMG_20190323_120805__01.png,0.0,0.24817941599999926,,,,,,,,,
342,zaal_S__IMG_20190323_122659__01.png,zaal_S__IMG_20190323_122659__01.png,0.0,0.24747920900000508,,,,,,,,,
343,zaal_S__IMG_20190323_122649__01.png,zaal_S__IMG_20190323_122649__01.png,0.0,0.23542529200000217,,,,,,,,,
344,Zaal_A__20190323_111327__01.png,Zaal_A__20190323_111327__01.png,0.0,0.24278454200000965,,,,,,,,,
345,zaal_2__IMG_20190323_112153__01.png,zaal_2__IMG_20190323_112153__01.png,0.0,0.25924420799999837,,,,,,,,,
346,zaal_S__IMG_20190323_122809__01.png,,0,0.23860374999999578,,,,,,,,,
347,zaal_S__IMG_20190323_122819__01.png,zaal_S__IMG_20190323_122819__01.png,0.0,0.24277495799999826,,,,,,,,,
348,zaal_19__IMG_20190323_120957__02.png,zaal_19__IMG_20190323_120957__02.png,0.0,0.23940870900000277,,,,,,,,,
349,zaal_7__IMG_20190323_113134__01.png,zaal_7__IMG_20190323_113134__01.png,0.0,0.24712962499999946,,,,,,,,,
350,zaal_19__IMG_20190323_121025__01.png,zaal_19__IMG_20190323_121025__01.png,0.0,0.24454095800000175,,,,,,,,,
351,zaal_2__IMG_20190323_112235__01.png,zaal_2__IMG_20190323_112235__01.png,0.0,0.2522029169999911,,,,,,,,,
352,zaal_S__IMG_20190323_122720__05.png,zaal_S__IMG_20190323_122720__05.png,0.0,0.2383312909999944,,,,,,,,,
353,zaal_19__IMG_20190323_121507__10.png,zaal_19__IMG_20190323_121507__10.png,0.0,0.23886925000000758,,,,,,,,,
354,zaal_19__IMG_20190323_121507__04.png,zaal_19__IMG_20190323_121507__04.png,0.0,0.2395809159999942,,,,,,,,,
355,Zaal_A__20190323_111809__01.png,Zaal_A__20190323_111809__01.png,0.0,0.2501570419999979,,,,,,,,,
356,Zaal_B__20190323_112638__01.png,Zaal_B__20190323_112638__01.png,0.0,0.24857508299999154,,,,,,,,,
357,zaal_5__IMG_20190323_112737__01.png,zaal_5__IMG_20190323_112737__01.png,0.0,0.25331779200000426,,,,,,,,,
358,zaal_11__IMG_20190323_114127__01.png,zaal_11__IMG_20190323_114127__01.png,0.0,0.24833945900000742,,,,,,,,,
359,zaal_2__IMG_20190323_112120__04.png,zaal_2__IMG_20190323_112120__04.png,0.0,0.241998959,,,,,,,,,
360,zaal_2__IMG_20190323_112130__04.png,zaal_2__IMG_20190323_112130__04.png,0.0,0.2468240000000037,,,,,,,,,
361,Zaal_C__20190323_112836__05.png,Zaal_C__20190323_112836__05.png,0.0,0.2351027499999958,,,,,,,,,
362,Zaal_C__20190323_112836__11.png,,0,0.23690120799999193,,,,,,,,,
363,zaal_P__IMG_20190323_123744__01.png,zaal_P__IMG_20190323_123744__01.png,0.0,0.24475666600000068,,,,,,,,,
364,zaal_V__IMG_20190323_121829__01.png,zaal_V__IMG_20190323_121829__01.png,0.0,0.26026216600000396,,,,,,,,,
365,Zaal_I__20190323_121200__01.png,Zaal_I__20190323_121200__01.png,0.0,0.23758958299998767,,,,,,,,,
366,zaal_14__IMG_20190323_114931__01.png,zaal_14__IMG_20190323_114931__01.png,0.0,0.23913204100000485,,,,,,,,,
367,zaal_19__IMG_20190323_121321__01.png,zaal_19__IMG_20190323_121321__01.png,0.0,0.23264262499999688,,,,,,,,,
368,zaal_16__IMG_20190323_120439__01.png,zaal_16__IMG_20190323_120439__01.png,0.0,0.2470032079999953,,,,,,,,,
369,zaal_2__IMG_20190323_112206__03.png,zaal_2__IMG_20190323_112206__03.png,0.0,0.23398745800000142,,,,,,,,,
370,zaal_7__IMG_20190323_113121__01.png,zaal_7__IMG_20190323_113121__01.png,0.0,0.24146675000000073,,,,,,,,,
371,zaal_8__IMG_20190323_113333__01.png,zaal_8__IMG_20190323_113333__01.png,0.0,0.2528268749999967,,,,,,,,,
372,zaal_19__IMG_20190323_121148__01.png,zaal_19__IMG_20190323_121148__01.png,0.0,0.2527510829999926,,,,,,,,,
373,zaal_19__IMG_20190323_121411__07.png,zaal_19__IMG_20190323_121411__07.png,0.0,0.24128270799999996,,,,,,,,,
374,Zaal_H__20190323_120750__01.png,Zaal_H__20190323_120750__01.png,0.0,0.25595012500001246,,,,,,,,,
375,zaal_18__IMG_20190323_120650__01.png,zaal_18__IMG_20190323_120650__01.png,0.0,0.2643687500000027,,,,,,,,,
376,zaal_19__IMG_20190323_121346__01.png,zaal_19__IMG_20190323_121346__01.png,0.0,0.2585907920000068,,,,,,,,,
377,Zaal_C__20190323_112836__08.png,Zaal_C__20190323_112836__08.png,0.0,0.24906720900000323,,,,,,,,,
378,zaal_15__IMG_20190323_115325__01.png,zaal_15__IMG_20190323_115325__01.png,0.0,0.2612237499999992,,,,,,,,,
379,zaal_R__IMG_20190323_123307__01.png,zaal_R__IMG_20190323_123307__01.png,0.0,0.2759305000000012,,,,,,,,,
380,Zaal_M__20190323_123315__01.png,,0,0.26145579199999247,,,,,,,,,
381,Zaal_N__20190323_123901__01.png,Zaal_N__20190323_123901__01.png,0.0,0.266181749999987,,,,,,,,,
382,zaal_S__IMG_20190323_122720__08.png,zaal_S__IMG_20190323_122720__08.png,0.0,0.25431362500000887,,,,,,,,,
383,Zaal_D__20190323_114047__01.png,Zaal_D__20190323_114047__01.png,0.0,0.27094283299999233,,,,,,,,,
384,zaal_19__IMG_20190323_121507__09.png,zaal_19__IMG_20190323_121507__09.png,0.0,0.24394925000001422,,,,,,,,,
385,Zaal_E__20190323_114757__01.png,Zaal_E__20190323_114757__01.png,0.0,0.2732447500000035,,,,,,,,,
386,zaal_14__IMG_20190323_114924__01.png,zaal_14__IMG_20190323_114924__01.png,0.0,0.27374695900002166,,,,,,,,,
387,zaal_10__IMG_20190323_113920__01.png,zaal_10__IMG_20190323_113920__01.png,0.0,0.2555816249999907,,,,,,,,,
388,zaal_19__IMG_20190323_121312__03.png,zaal_19__IMG_20190323_121312__03.png,0.0,0.2498004999999921,,,,,,,,,
389,zaal_P__IMG_20190323_123751__01.png,zaal_P__IMG_20190323_123751__01.png,0.0,0.2623342079999986,,,,,,,,,
390,zaal_8__IMG_20190323_113351__01.png,zaal_8__IMG_20190323_113351__01.png,0.0,0.2704253329999915,,,,,,,,,
391,zaal_15__IMG_20190323_115911__01.png,zaal_15__IMG_20190323_115911__01.png,0.0,0.26135616599998457,,,,,,,,,
392,Zaal_E__20190323_114514__01.png,Zaal_E__20190323_114514__01.png,0.0,0.2621567500000026,,,,,,,,,
393,zaal_19__IMG_20190323_121312__02.png,zaal_19__IMG_20190323_121312__02.png,0.0,0.24628070800000046,,,,,,,,,
394,zaal_19__IMG_20190323_120916__01.png,zaal_19__IMG_20190323_120916__01.png,0.0,0.24967312499998684,,,,,,,,,
395,zaal_R__IMG_20190323_123250__01.png,zaal_R__IMG_20190323_123250__01.png,0.0,0.255868874999976,,,,,,,,,
396,zaal_19__IMG_20190323_121507__08.png,zaal_19__IMG_20190323_121507__08.png,0.0,0.24768645799997557,,,,,,,,,
397,zaal_17__IMG_20190323_120515__01.png,zaal_17__IMG_20190323_120515__01.png,0.0,0.245344082999992,,,,,,,,,
398,Zaal_L__20190323_122614__02.png,Zaal_L__20190323_122614__02.png,0.0,0.2536289159999967,,,,,,,,,
399,zaal_6__IMG_20190323_113018__01.png,zaal_6__IMG_20190323_113018__01.png,0.0,0.2517741249999972,,,,,,,,,
400,zaal_19__IMG_20190323_121115__01.png,zaal_19__IMG_20190323_121115__01.png,0.0,0.24732349999999315,,,,,,,,,
401,zaal_S__IMG_20190323_122939__01.png,zaal_S__IMG_20190323_122939__01.png,0.0,0.24463908299998138,,,,,,,,,
402,zaal_9__IMG_20190323_113739__01.png,zaal_9__IMG_20190323_113739__01.png,0.0,0.24261666600000353,,,,,,,,,
403,Zaal_A__20190323_112015__01.png,Zaal_A__20190323_112015__01.png,0.0,0.25126495799997883,,,,,,,,,
404,Zaal_C__20190323_113006__06.png,Zaal_C__20190323_113006__06.png,0.0,0.23988604199999486,,,,,,,,,
405,zaal_18__IMG_20190323_120810__01.png,zaal_18__IMG_20190323_120810__01.png,0.0,0.24748616700000525,,,,,,,,,
406,Zaal_C__20190323_112836__09.png,,0,0.23348400000000424,,,,,,,,,
407,Zaal_E__20190323_114600__01.png,Zaal_E__20190323_114600__01.png,0.0,0.25406466700002284,,,,,,,,,
408,zaal_S__IMG_20190323_122734__01.png,zaal_S__IMG_20190323_122734__01.png,0.0,0.24656733300000155,,,,,,,,,
409,zaal_19__IMG_20190323_121411__06.png,zaal_19__IMG_20190323_121411__06.png,0.0,0.24184766700000182,,,,,,,,,
410,zaal_15__IMG_20190323_115723__01.png,zaal_15__IMG_20190323_115723__01.png,0.0,0.24495933299999706,,,,,,,,,
411,zaal_2__IMG_20190323_112206__02.png,zaal_2__IMG_20190323_112206__02.png,0.0,0.2404614170000059,,,,,,,,,
412,zaal_1__IMG_20190323_111717__01.png,zaal_1__IMG_20190323_111717__01.png,0.0,0.25204562499999383,,,,,,,,,
413,zaal_V__IMG_20190323_121740__01.png,zaal_V__IMG_20190323_121740__01.png,0.0,0.24758258299999625,,,,,,,,,
414,zaal_15__IMG_20190323_115715__01.png,zaal_15__IMG_20190323_115715__01.png,0.0,0.24863250000001358,,,,,,,,,
415,zaal_V__IMG_20190323_121750__01.png,zaal_V__IMG_20190323_121750__01.png,0.0,0.24797920800000384,,,,,,,,,
416,zaal_19__IMG_20190323_121411__10.png,zaal_19__IMG_20190323_121411__10.png,0.0,0.23499091700000463,,,,,,,,,
417,zaal_19__IMG_20190323_121411__04.png,zaal_19__IMG_20190323_121411__04.png,0.0,0.2338104160000114,,,,,,,,,
418,zaal_11__IMG_20190323_114053__01.png,zaal_11__IMG_20190323_114053__01.png,0.0,0.24769433400001617,,,,,,,,,
419,zaal_6__IMG_20190323_112927__01.png,zaal_6__IMG_20190323_112927__01.png,0.0,0.24811658299998385,,,,,,,,,
420,zaal_14__IMG_20190323_114720__01.png,zaal_14__IMG_20190323_114720__01.png,0.0,0.25208874999998443,,,,,,,,,
421,zaal_14__IMG_20190323_114730__01.png,zaal_14__IMG_20190323_114730__01.png,0.0,0.2442915409999955,,,,,,,,,
422,zaal_19__IMG_20190323_121245__01.png,zaal_19__IMG_20190323_121245__01.png,0.0,0.24293299999999363,,,,,,,,,
423,Zaal_C__20190323_113006__04.png,Zaal_C__20190323_113006__04.png,0.0,0.240957375000022,,,,,,,,,
424,zaal_14__IMG_20190323_114845__01.png,zaal_14__IMG_20190323_114845__01.png,0.0,0.24579499999998689,,,,,,,,,
425,zaal_19__IMG_20190323_121255__01.png,zaal_19__IMG_20190323_121255__01.png,0.0,0.25049254099999985,,,,,,,,,
426,zaal_S__IMG_20190323_122939__03.png,zaal_S__IMG_20190323_122939__03.png,0.0,0.2407760830000143,,,,,,,,,
427,zaal_2__IMG_20190323_112045__01.png,zaal_2__IMG_20190323_112045__01.png,0.0,0.23562845900002571,,,,,,,,,
428,zaal_10__IMG_20190323_113929__01.png,zaal_10__IMG_20190323_113929__01.png,0.0,0.2512131249999925,,,,,,,,,
429,Zaal_D__20190323_113850__01.png,Zaal_D__20190323_113850__01.png,0.0,0.24950329099999635,,,,,,,,,
430,zaal_V__IMG_20190323_121825__01.png,zaal_V__IMG_20190323_121825__01.png,0.0,0.24458679199997846,,,,,,,,,
431,zaal_19__IMG_20190323_121029__01.png,zaal_19__IMG_20190323_121029__01.png,0.0,0.25019391699999005,,,,,,,,,
432,zaal_17__IMG_20190323_120533__01.png,zaal_17__IMG_20190323_120533__01.png,0.0,0.2489224159999992,,,,,,,,,
433,zaal_18__IMG_20190323_120731__01.png,zaal_18__IMG_20190323_120731__01.png,0.0,0.24885854100000415,,,,,,,,,
434,zaal_S__IMG_20190323_122815__01.png,zaal_S__IMG_20190323_122815__01.png,0.0,0.24313537500000848,,,,,,,,,
435,zaal_19__IMG_20190323_121237__01.png,zaal_19__IMG_20190323_121237__01.png,0.0,0.2425975410000092,,,,,,,,,
436,zaal_19__IMG_20190323_120858__01.png,zaal_19__IMG_20190323_120858__01.png,0.0,0.23616483300000368,,,,,,,,,
437,zaal_14__IMG_20190323_114742__01.png,zaal_14__IMG_20190323_114742__01.png,0.0,0.2447245829999929,,,,,,,,,
438,zaal_15__IMG_20190323_115244__01.png,zaal_15__IMG_20190323_115244__01.png,0.0,0.25089920799999277,,,,,,,,,
439,zaal_15__IMG_20190323_120309__01.png,zaal_15__IMG_20190323_120309__01.png,0.0,0.24257291699998973,,,,,,,,,
440,zaal_V__IMG_20190323_121732__01.png,zaal_V__IMG_20190323_121732__01.png,0.0,0.24549587500001735,,,,,,,,,
441,Zaal_J__20190323_121605__01.png,,0,0.24495304199999168,,,,,,,,,
442,zaal_17__IMG_20190323_120608__01.png,zaal_17__IMG_20190323_120608__01.png,0.0,0.2450426249999964,,,,,,,,,
443,zaal_19__IMG_20190323_121312__01.png,zaal_19__IMG_20190323_121312__01.png,0.0,0.23243770900000982,,,,,,,,,
444,Zaal_G__20190323_120406__01.png,Zaal_G__20190323_120406__01.png,0.0,0.2575417080000193,,,,,,,,,
445,Zaal_J__20190323_121730__01.png,,0,0.25100445799998283,,,,,,,,,
446,zaal_S__IMG_20190323_123029__01.png,zaal_S__IMG_20190323_123029__01.png,0.0,0.24262545799999202,,,,,,,,,
447,zaal_2__IMG_20190323_112113__04.png,zaal_2__IMG_20190323_112113__04.png,0.0,0.23805670900000564,,,,,,,,,
448,zaal_15__IMG_20190323_120040__01.png,zaal_15__IMG_20190323_120040__01.png,0.0,0.2473950410000043,,,,,,,,,
449,Zaal_L__20190323_122614__01.png,,0,0.23759616699999242,,,,,,,,,
450,zaal_15__IMG_20190323_115546__01.png,zaal_15__IMG_20190323_115546__01.png,0.0,0.2380433749999895,,,,,,,,,
451,zaal_S__IMG_20190323_122939__02.png,zaal_S__IMG_20190323_122939__02.png,0.0,0.23539399999998523,,,,,,,,,
452,Zaal_C__20190323_113006__05.png,Zaal_C__20190323_113006__05.png,0.0,0.23448016599999733,,,,,,,,,
453,zaal_15__IMG_20190323_115313__01.png,,0,0.24374299999999494,,,,,,,,,
454,zaal_2__IMG_20190323_112018__01.png,zaal_2__IMG_20190323_112018__01.png,0.0,0.2540330420000032,,,,,,,,,
455,zaal_13__IMG_20190323_114634__01.png,zaal_13__IMG_20190323_114634__01.png,0.0,0.2516918750000059,,,,,,,,,
456,zaal_Q__IMG_20190323_123517__01.png,zaal_Q__IMG_20190323_123517__01.png,0.0,0.24470133299999475,,,,,,,,,
457,zaal_S__IMG_20190323_122952__01.png,zaal_S__IMG_20190323_122952__01.png,0.0,0.23852858300000435,,,,,,,,,
458,zaal_19__IMG_20190323_121006__01.png,zaal_19__IMG_20190323_121006__01.png,0.0,0.24254795799998874,,,,,,,,,
459,zaal_19__IMG_20190323_121411__05.png,zaal_19__IMG_20190323_121411__05.png,0.0,0.2379856670000038,,,,,,,,,
460,zaal_19__IMG_20190323_121411__11.png,zaal_19__IMG_20190323_121411__11.png,0.0,0.23412145800000417,,,,,,,,,
461,zaal_13__IMG_20190323_114542__01.png,zaal_13__IMG_20190323_114542__01.png,0.0,0.24729766600000858,,,,,,,,,
462,zaal_2__IMG_20190323_112206__01.png,zaal_2__IMG_20190323_112206__01.png,0.0,0.24811195800000974,,,,,,,,,
463,zaal_18__IMG_20190323_120752__01.png,zaal_18__IMG_20190323_120752__01.png,0.0,0.25002291600000603,,,,,,,,,
464,Zaal_D__20190323_113929__01.png,Zaal_D__20190323_113929__01.png,0.0,0.24853916599997206,,,,,,,,,
465,zaal_10__IMG_20190323_113938__01.png,zaal_10__IMG_20190323_113938__01.png,0.0,0.24768274999999562,,,,,,,,,
466,zaal_19__IMG_20190323_121411__01.png,zaal_19__IMG_20190323_121411__01.png,0.0,0.23599975000001905,,,,,,,,,
467,Zaal_A__20190323_111348__01.png,Zaal_A__20190323_111348__01.png,0.0,0.25628549999998995,,,,,,,,,
468,zaal_10__IMG_20190323_113840__01.png,zaal_10__IMG_20190323_113840__01.png,0.0,0.2515380000000107,,,,,,,,,
469,zaal_19__IMG_20190323_121132__01.png,zaal_19__IMG_20190323_121132__01.png,0.0,0.24460954200000629,,,,,,,,,
470,zaal_15__IMG_20190323_115919__01.png,zaal_15__IMG_20190323_115919__01.png,0.0,0.23806129100000817,,,,,,,,,
471,zaal_P__IMG_20190323_123621__01.png,zaal_P__IMG_20190323_123621__01.png,0.0,0.2446693330000187,,,,,,,,,
472,Zaal_B__20190323_112531__01.png,Zaal_B__20190323_112531__01.png,0.0,0.2542353329999969,,,,,,,,,
473,Zaal_C__20190323_113006__01.png,,0,0.21349737500000288,,,,,,,,,
474,zaal_11__IMG_20190323_114042__01.png,zaal_11__IMG_20190323_114042__01.png,0.0,0.247794583000001,,,,,,,,,
475,Zaal_D__20190323_113724__01.png,Zaal_D__20190323_113724__01.png,0.0,0.25038479099998767,,,,,,,,,
476,zaal_15__IMG_20190323_115237__01.png,zaal_15__IMG_20190323_115237__01.png,0.0,0.2469190840000124,,,,,,,,,
477,zaal_11__IMG_20190323_114030__01.png,zaal_11__IMG_20190323_114030__01.png,0.0,0.24825895800000808,,,,,,,,,
478,zaal_5__IMG_20190323_112652__01.png,zaal_5__IMG_20190323_112652__01.png,0.0,0.24726962500000127,,,,,,,,,
479,zaal_2__IMG_20190323_112228__01.png,zaal_2__IMG_20190323_112228__01.png,0.0,0.2463639999999998,,,,,,,,,
480,zaal_19__IMG_20190323_121312__05.png,zaal_19__IMG_20190323_121312__05.png,0.0,0.23595174999999813,,,,,,,,,
481,zaal_15__IMG_20190323_115813__01.png,zaal_15__IMG_20190323_115813__01.png,0.0,0.2457262920000005,,,,,,,,,
482,zaal_7__IMG_20190323_113129__01.png,zaal_7__IMG_20190323_113129__01.png,0.0,0.24524987500001316,,,,,,,,,
483,Zaal_A__20190323_111619__01.png,Zaal_A__20190323_111619__01.png,0.0,0.24785249999999337,,,,,,,,,
484,zaal_14__IMG_20190323_114826__01.png,zaal_14__IMG_20190323_114826__01.png,0.0,0.2498357500000168,,,,,,,,,
485,zaal_19__IMG_20190323_121226__01.png,zaal_19__IMG_20190323_121226__01.png,0.0,0.2429477499999848,,,,,,,,,
486,zaal_14__IMG_20190323_114836__01.png,zaal_14__IMG_20190323_114836__01.png,0.0,0.24823491699999067,,,,,,,,,
487,zaal_2__IMG_20190323_112026__01.png,zaal_2__IMG_20190323_112026__01.png,0.0,0.24726566699999353,,,,,,,,,
488,zaal_11__IMG_20190323_114105__01.png,zaal_11__IMG_20190323_114105__01.png,0.0,0.24602974999999105,,,,,,,,,
489,zaal_1__IMG_20190323_111739__01.png,zaal_1__IMG_20190323_111739__01.png,0.0,0.23850995799998032,,,,,,,,,
490,zaal_19__IMG_20190323_121312__04.png,zaal_19__IMG_20190323_121312__04.png,0.0,0.2322684590000108,,,,,,,,,
491,zaal_2__IMG_20190323_112113__01.png,zaal_2__IMG_20190323_112113__01.png,0.0,0.23834070800000973,,,,,,,,,
492,Zaal_I__20190323_121222__01.png,Zaal_I__20190323_121222__01.png,0.0,0.2537949579999861,,,,,,,,,
493,zaal_O__IMG_20190323_124106__01.png,zaal_O__IMG_20190323_124106__01.png,0.0,0.24890145800000596,,,,,,,,,
494,zaal_S__IMG_20190323_122859__01.png,zaal_S__IMG_20190323_122859__01.png,0.0,0.243155416999997,,,,,,,,,
495,zaal_19__IMG_20190323_121303__01.png,zaal_19__IMG_20190323_121303__01.png,0.0,0.25005779099998904,,,,,,,,,
496,zaal_7__IMG_20190323_113202__01.png,zaal_7__IMG_20190323_113202__01.png,0.0,0.2434902500000078,,,,,,,,,
497,zaal_2__IMG_20190323_112217__01.png,zaal_2__IMG_20190323_112217__01.png,0.0,0.2495627499999955,,,,,,,,,
498,zaal_1__IMG_20190323_111845__02.png,zaal_1__IMG_20190323_111845__02.png,0.0,0.24702487499999393,,,,,,,,,
499,zaal_S__IMG_20190323_122540__01.png,,0,0.23535908299999164,,,,,,,,,
500,Zaal_J__20190323_121753__01.png,,0,0.24992908300001204,,,,,,,,,
501,Zaal_J__20190323_121308__01.png,,0,0.24869133300001067,,,,,,,,,
502,zaal_R__IMG_20190323_123330__01.png,zaal_R__IMG_20190323_123330__01.png,0.0,0.24100033299998813,,,,,,,,,
503,Zaal_M__20190323_123601__01.png,Zaal_M__20190323_123601__01.png,0.0,0.24894208300000287,,,,,,,,,
504,zaal_5__IMG_20190323_112715__01.png,zaal_5__IMG_20190323_112715__01.png,0.0,0.24766629199999102,,,,,,,,,
505,zaal_S__IMG_20190323_122626__01.png,zaal_S__IMG_20190323_122626__01.png,0.0,0.24422670799998514,,,,,,,,,
506,Zaal_E__20190323_115513__01.png,Zaal_E__20190323_115513__01.png,0.0,0.24812233299999775,,,,,,,,,
507,zaal_19__IMG_20190323_121411__02.png,zaal_19__IMG_20190323_121411__02.png,0.0,0.2339173750000043,,,,,,,,,
508,zaal_15__IMG_20190323_115334__01.png,zaal_15__IMG_20190323_115334__01.png,0.0,0.2610630409999999,,,,,,,,,
509,zaal_15__IMG_20190323_120301__01.png,zaal_15__IMG_20190323_120301__01.png,0.0,0.24589137500001357,,,,,,,,,
510,zaal_S__IMG_20190323_122600__01.png,zaal_S__IMG_20190323_122600__01.png,0.0,0.25377116699999647,,,,,,,,,
511,Zaal_L__20190323_122633__01.png,,0,0.2533266670000103,,,,,,,,,
512,zaal_12__IMG_20190323_114244__01.png,zaal_12__IMG_20190323_114244__01.png,0.0,0.24749158299999863,,,,,,,,,
513,zaal_P__IMG_20190323_123722__01.png,zaal_P__IMG_20190323_123722__01.png,0.0,0.24212254200000416,,,,,,,,,
514,Zaal_C__20190323_113006__02.png,Zaal_C__20190323_113006__02.png,0.0,0.2370031250000011,,,,,,,,,
515,zaal_19__IMG_20190323_121021__01.png,zaal_19__IMG_20190323_121021__01.png,0.0,0.24260679100001425,,,,,,,,,
516,zaal_19__IMG_20190323_121357__01.png,zaal_19__IMG_20190323_121357__01.png,0.0,0.2394845000000032,,,,,,,,,
517,zaal_2__IMG_20190323_112147__01.png,zaal_2__IMG_20190323_112147__01.png,0.0,0.24549487499999145,,,,,,,,,
518,zaal_10__IMG_20190323_113859__01.png,zaal_10__IMG_20190323_113859__01.png,0.0,0.2402931250000222,,,,,,,,,
519,zaal_S__IMG_20190323_122844__08.png,zaal_S__IMG_20190323_122844__08.png,0.0,0.23346820900002285,,,,,,,,,
520,zaal_2__IMG_20190323_112113__03.png,zaal_2__IMG_20190323_112113__03.png,0.0,0.24642170900000337,,,,,,,,,
521,zaal_S__IMG_20190323_122907__01.png,zaal_S__IMG_20190323_122907__01.png,0.0,0.24098816599999395,,,,,,,,,
522,zaal_8__IMG_20190323_113340__01.png,zaal_8__IMG_20190323_113340__01.png,0.0,0.2552642500000104,,,,,,,,,
523,zaal_12__IMG_20190323_114236__01.png,zaal_12__IMG_20190323_114236__01.png,0.0,0.2587125839999942,,,,,,,,,
524,Zaal_F__20190323_120057__01.png,Zaal_F__20190323_120057__01.png,0.0,0.24870287500002064,,,,,,,,,
525,zaal_15__IMG_20190323_120015__01.png,zaal_15__IMG_20190323_120015__01.png,0.0,0.24952858300000003,,,,,,,,,
526,Zaal_L__20190323_122739__01.png,,0,0.25171995799999536,,,,,,,,,
527,zaal_5__IMG_20190323_112639__01.png,zaal_5__IMG_20190323_112639__01.png,0.0,0.2496302920000062,,,,,,,,,
528,zaal_15__IMG_20190323_115356__01.png,zaal_15__IMG_20190323_115356__01.png,0.0,0.2485119579999946,,,,,,,,,
529,zaal_14__IMG_20190323_114800__01.png,zaal_14__IMG_20190323_114800__01.png,0.0,0.25527349999998705,,,,,,,,,
530,Zaal_G__20190323_120351__01.png,Zaal_G__20190323_120351__01.png,0.0,0.25215083300000174,,,,,,,,,
531,zaal_1__IMG_20190323_111837__01.png,zaal_1__IMG_20190323_111837__01.png,0.0,0.2490842079999993,,,,,,,,,
532,Zaal_K__20190323_122258__01.png,Zaal_K__20190323_122258__01.png,0.0,0.24590466600000127,,,,,,,,,
533,zaal_2__IMG_20190323_112113__02.png,,0,0.23543941699998072,,,,,,,,,
534,zaal_S__IMG_20190323_122844__09.png,zaal_S__IMG_20190323_122844__09.png,0.0,0.23241899999999305,,,,,,,,,
535,zaal_19__IMG_20190323_120907__01.png,zaal_19__IMG_20190323_120907__01.png,0.0,0.24543062500001156,,,,,,,,,
536,zaal_18__IMG_20190323_120801__01.png,zaal_18__IMG_20190323_120801__01.png,0.0,0.24081058300001246,,,,,,,,,
537,zaal_6__IMG_20190323_112910__01.png,zaal_6__IMG_20190323_112910__01.png,0.0,0.24755270899999005,,,,,,,,,
538,Zaal_C__20190323_113006__03.png,Zaal_C__20190323_113006__03.png,0.0,0.24279404199998567,,,,,,,,,
539,zaal_S__IMG_20190323_123021__01.png,zaal_S__IMG_20190323_123021__01.png,0.0,0.23950541700000372,,,,,,,,,
540,zaal_V__IMG_20190323_121812__01.png,zaal_V__IMG_20190323_121812__01.png,0.0,0.2536242910000226,,,,,,,,,
541,zaal_1__IMG_20190323_111845__01.png,zaal_1__IMG_20190323_111845__01.png,0.0,0.24575525000000198,,,,,,,,,
542,zaal_13__IMG_20190323_114450__01.png,zaal_13__IMG_20190323_114450__01.png,0.0,0.2475602080000101,,,,,,,,,
543,zaal_13__IMG_20190323_114528__01.png,zaal_13__IMG_20190323_114528__01.png,0.0,0.24456620800000906,,,,,,,,,
544,zaal_II__IMG_20190323_111200__01.png,zaal_II__IMG_20190323_111200__01.png,0.0,0.24202041599997415,,,,,,,,,
545,Zaal_N__20190323_124121__01.png,Zaal_N__20190323_124121__01.png,0.0,0.2504757089999998,,,,,,,,,
546,zaal_S__IMG_20190323_122850__01.png,zaal_S__IMG_20190323_122850__01.png,0.0,0.24877004199998964,,,,,,,,,
547,zaal_9__IMG_20190323_113728__01.png,zaal_9__IMG_20190323_113728__01.png,0.0,0.24977933300002064,,,,,,,,,
548,zaal_19__IMG_20190323_121411__03.png,zaal_19__IMG_20190323_121411__03.png,0.0,0.23744866699999534,,,,,,,,,
549,zaal_19__IMG_20190323_121604__02.png,zaal_19__IMG_20190323_121604__02.png,0.0,0.2392472919999875,,,,,,,,,
550,zaal_S__IMG_20190323_122709__07.png,zaal_S__IMG_20190323_122709__07.png,0.0,0.2435413750000066,,,,,,,,,
551,zaal_19__IMG_20190323_121139__02.png,zaal_19__IMG_20190323_121139__02.png,0.0,0.24090079199999082,,,,,,,,,
552,zaal_6__IMG_20190323_112956__01.png,zaal_6__IMG_20190323_112956__01.png,0.0,0.24806100000000697,,,,,,,,,
553,zaal_5__IMG_20190323_112728__01.png,zaal_5__IMG_20190323_112728__01.png,0.0,0.246647457999984,,,,,,,,,
554,Zaal_G__20190323_120448__01.png,Zaal_G__20190323_120448__01.png,0.0,0.2504997089999961,,,,,,,,,
555,Zaal_D__20190323_113949__01.png,Zaal_D__20190323_113949__01.png,0.0,0.3519204590000129,,,,,,,,,
556,zaal_19__IMG_20190323_121457__03.png,zaal_19__IMG_20190323_121457__03.png,0.0,0.24045591700001978,,,,,,,,,
557,zaal_19__IMG_20190323_121447__03.png,zaal_19__IMG_20190323_121447__03.png,0.0,0.24169729100000836,,,,,,,,,
558,zaal_19__IMG_20190323_121142__01.png,zaal_19__IMG_20190323_121142__01.png,0.0,0.235063958000012,,,,,,,,,
559,zaal_19__IMG_20190323_121545__11.png,zaal_19__IMG_20190323_121545__11.png,0.0,0.23728916700000013,,,,,,,,,
560,zaal_19__IMG_20190323_121545__05.png,zaal_19__IMG_20190323_121545__05.png,0.0,0.23570891600002142,,,,,,,,,
561,Zaal_L__20190323_122825__01.png,Zaal_L__20190323_122825__01.png,0.0,0.24590774999998644,,,,,,,,,
562,zaal_19__IMG_20190323_121537__05.png,zaal_19__IMG_20190323_121537__05.png,0.0,0.2370527500000037,,,,,,,,,
563,zaal_19__IMG_20190323_121537__11.png,,0,0.23642179099999794,,,,,,,,,
564,zaal_18__IMG_20190323_120740__01.png,zaal_18__IMG_20190323_120740__01.png,0.0,0.2476644580000027,,,,,,,,,
565,Zaal_N__20190323_124105__01.png,Zaal_N__20190323_124105__01.png,0.0,0.25956675000000473,,,,,,,,,
566,zaal_S__IMG_20190323_122553__05.png,zaal_S__IMG_20190323_122553__05.png,0.0,0.23949358300001222,,,,,,,,,
567,zaal_15__IMG_20190323_120210__01.png,zaal_15__IMG_20190323_120210__01.png,0.0,0.24603854199997954,,,,,,,,,
568,Zaal_E__20190323_115257__01.png,Zaal_E__20190323_115257__01.png,0.0,0.2414588750000064,,,,,,,,,
569,zaal_V__IMG_20190323_121743__01.png,zaal_V__IMG_20190323_121743__01.png,0.0,0.24477095900002155,,,,,,,,,
570,zaal_V__IMG_20190323_121753__01.png,zaal_V__IMG_20190323_121753__01.png,0.0,0.24154562500001475,,,,,,,,,
571,zaal_S__IMG_20190323_123015__01.png,zaal_S__IMG_20190323_123015__01.png,0.0,0.24189887500000395,,,,,,,,,
572,zaal_19__IMG_20190323_121434__06.png,zaal_19__IMG_20190323_121434__06.png,0.0,0.23847112499998957,,,,,,,,,
573,Zaal_D__20190323_113528__01.png,Zaal_D__20190323_113528__01.png,0.0,0.2490075000000047,,,,,,,,,
574,Zaal_M__20190323_123528__01.png,Zaal_M__20190323_123528__01.png,0.0,0.24549512499999082,,,,,,,,,
575,Zaal_J__20190323_121834__01.png,Zaal_J__20190323_121834__01.png,0.0,0.2497766669999919,,,,,,,,,
576,zaal_19__IMG_20190323_121015__01.png,zaal_19__IMG_20190323_121015__01.png,0.0,0.2387914169999874,,,,,,,,,
577,zaal_7__IMG_20190323_113114__01.png,zaal_7__IMG_20190323_113114__01.png,0.0,0.2551793749999831,,,,,,,,,
578,zaal_19__IMG_20190323_121434__07.png,zaal_19__IMG_20190323_121434__07.png,0.0,0.23568745800000102,,,,,,,,,
579,zaal_13__IMG_20190323_114551__01.png,zaal_13__IMG_20190323_114551__01.png,0.0,0.24313604200000327,,,,,,,,,
580,Zaal_N__20190323_124030__01.png,Zaal_N__20190323_124030__01.png,0.0,0.25427124999998796,,,,,,,,,
581,zaal_S__IMG_20190323_122553__04.png,zaal_S__IMG_20190323_122553__04.png,0.0,0.2444892500000151,,,,,,,,,
582,Zaal_E__20190323_115537__01.png,Zaal_E__20190323_115537__01.png,0.0,0.24560825000000364,,,,,,,,,
583,Zaal_D__20190323_113603__01.png,Zaal_D__20190323_113603__01.png,0.0,0.24868666699998698,,,,,,,,,
584,zaal_19__IMG_20190323_121537__10.png,zaal_19__IMG_20190323_121537__10.png,0.0,0.23718945800001734,,,,,,,,,
585,zaal_19__IMG_20190323_121537__04.png,zaal_19__IMG_20190323_121537__04.png,0.0,0.23453508299999726,,,,,,,,,
586,zaal_1__IMG_20190323_111749__01.png,zaal_1__IMG_20190323_111749__01.png,0.0,0.24123112499998456,,,,,,,,,
587,zaal_S__IMG_20190323_122542__01.png,zaal_S__IMG_20190323_122542__01.png,0.0,0.23811774999998647,,,,,,,,,
588,zaal_15__IMG_20190323_115729__01.png,zaal_15__IMG_20190323_115729__01.png,0.0,0.24502779100001248,,,,,,,,,
589,Zaal_D__20190323_113342__01.png,Zaal_D__20190323_113342__01.png,0.0,0.24610204199998975,,,,,,,,,
590,zaal_19__IMG_20190323_121545__04.png,zaal_19__IMG_20190323_121545__04.png,0.0,0.23536220799999796,,,,,,,,,
591,zaal_19__IMG_20190323_121545__10.png,,0,0.23387429100000645,,,,,,,,,
592,zaal_P__IMG_20190323_123801__01.png,zaal_P__IMG_20190323_123801__01.png,0.0,0.24695129100001623,,,,,,,,,
593,zaal_2__IMG_20190323_112012__02.png,zaal_2__IMG_20190323_112012__02.png,0.0,0.2452867920000017,,,,,,,,,
594,zaal_19__IMG_20190323_121447__02.png,zaal_19__IMG_20190323_121447__02.png,0.0,0.2335545830000001,,,,,,,,,
595,zaal_R__IMG_20190323_123340__01.png,zaal_R__IMG_20190323_123340__01.png,0.0,0.24149470800000472,,,,,,,,,
596,zaal_19__IMG_20190323_121457__02.png,zaal_19__IMG_20190323_121457__02.png,0.0,0.23385183400000642,,,,,,,,,
597,zaal_S__IMG_20190323_122656__01.png,zaal_S__IMG_20190323_122656__01.png,0.0,0.24133420900000147,,,,,,,,,
598,zaal_S__IMG_20190323_122646__01.png,zaal_S__IMG_20190323_122646__01.png,0.0,0.25027312499997834,,,,,,,,,
599,zaal_15__IMG_20190323_115527__01.png,zaal_15__IMG_20190323_115527__01.png,0.0,0.23962445800000864,,,,,,,,,
600,Zaal_E__20190323_114817__01.png,Zaal_E__20190323_114817__01.png,0.0,0.25061683299998094,,,,,,,,,
601,zaal_5__IMG_20190323_112800__01.png,zaal_5__IMG_20190323_112800__01.png,0.0,0.24966474999999377,,,,,,,,,
602,zaal_10__IMG_20190323_113915__01.png,zaal_10__IMG_20190323_113915__01.png,0.0,0.2594816659999992,,,,,,,,,
603,zaal_19__IMG_20190323_121139__03.png,zaal_19__IMG_20190323_121139__03.png,0.0,0.23718325000001528,,,,,,,,,
604,zaal_S__IMG_20190323_122709__06.png,zaal_S__IMG_20190323_122709__06.png,0.0,0.23436537499998167,,,,,,,,,
605,zaal_19__IMG_20190323_121622__01.png,zaal_19__IMG_20190323_121622__01.png,0.0,0.23670062500002587,,,,,,,,,
606,zaal_15__IMG_20190323_115924__01.png,zaal_15__IMG_20190323_115924__01.png,0.0,0.24589887499999463,,,,,,,,,
607,zaal_19__IMG_20190323_121604__03.png,zaal_19__IMG_20190323_121604__03.png,0.0,0.23733012499999973,,,,,,,,,
608,zaal_19__IMG_20190323_121604__01.png,zaal_19__IMG_20190323_121604__01.png,0.0,0.23667637500000183,,,,,,,,,
609,zaal_19__IMG_20190323_121139__01.png,zaal_19__IMG_20190323_121139__01.png,0.0,0.24173500000000558,,,,,,,,,
610,zaal_19__IMG_20190323_121622__03.png,zaal_19__IMG_20190323_121622__03.png,0.0,0.23781966600000715,,,,,,,,,
611,zaal_S__IMG_20190323_122709__04.png,zaal_S__IMG_20190323_122709__04.png,0.0,0.23601212500000202,,,,,,,,,
612,zaal_S__IMG_20190323_122915__01.png,zaal_S__IMG_20190323_122915__01.png,0.0,0.23985270900001865,,,,,,,,,
613,Zaal_H__20190323_120721__01.png,Zaal_H__20190323_120721__01.png,0.0,0.25570262499999785,,,,,,,,,
614,zaal_10__IMG_20190323_113933__01.png,zaal_10__IMG_20190323_113933__01.png,0.0,0.24946904199998698,,,,,,,,,
615,zaal_11__IMG_20190323_114059__01.png,zaal_11__IMG_20190323_114059__01.png,0.0,0.24317991600000255,,,,,,,,,
616,zaal_11__IMG_20190323_114121__01.png,zaal_11__IMG_20190323_114121__01.png,0.0,0.2417109999999809,,,,,,,,,
617,Zaal_K__20190323_122019__01.png,Zaal_K__20190323_122019__01.png,0.0,0.24657045800000787,,,,,,,,,
618,zaal_19__IMG_20190323_121545__06.png,zaal_19__IMG_20190323_121545__06.png,0.0,0.2435398750000104,,,,,,,,,
619,Zaal_F__20190323_115950__01.png,Zaal_F__20190323_115950__01.png,0.0,0.2514947079999956,,,,,,,,,
620,zaal_19__IMG_20190323_121142__02.png,zaal_19__IMG_20190323_121142__02.png,0.0,0.23562854100001118,,,,,,,,,
621,zaal_19__IMG_20190323_121545__12.png,zaal_19__IMG_20190323_121545__12.png,0.0,0.2360492910000005,,,,,,,,,
622,Zaal_B__20190323_112442__01.png,Zaal_B__20190323_112442__01.png,0.0,0.24950325000000362,,,,,,,,,
623,Zaal_M__20190323_123543__01.png,Zaal_M__20190323_123543__01.png,0.0,0.25131504200001586,,,,,,,,,
624,zaal_1__IMG_20190323_111749__03.png,zaal_1__IMG_20190323_111749__03.png,0.0,0.26279537499999606,,,,,,,,,
625,Zaal_E__20190323_114440__01.png,Zaal_E__20190323_114440__01.png,0.0,0.25038000000000693,,,,,,,,,
626,zaal_19__IMG_20190323_121537__12.png,zaal_19__IMG_20190323_121537__12.png,0.0,0.2420745830000044,,,,,,,,,
627,zaal_19__IMG_20190323_121537__06.png,zaal_19__IMG_20190323_121537__06.png,0.0,0.2350201659999982,,,,,,,,,
628,zaal_19__IMG_20190323_120852__01.png,zaal_19__IMG_20190323_120852__01.png,0.0,0.25132208400000877,,,,,,,,,
629,zaal_R__IMG_20190323_123314__01.png,zaal_R__IMG_20190323_123314__01.png,0.0,0.24948983400000202,,,,,,,,,
630,zaal_13__IMG_20190323_114601__01.png,zaal_13__IMG_20190323_114601__01.png,0.0,0.2505690829999878,,,,,,,,,
631,zaal_S__IMG_20190323_122553__06.png,zaal_S__IMG_20190323_122553__06.png,0.0,0.2406269580000071,,,,,,,,,
632,zaal_10__IMG_20190323_113829__01.png,zaal_10__IMG_20190323_113829__01.png,0.0,0.2394613339999978,,,,,,,,,
633,Zaal_G__20190323_120214__01.png,Zaal_G__20190323_120214__01.png,0.0,0.256456208000003,,,,,,,,,
634,zaal_19__IMG_20190323_121434__05.png,zaal_19__IMG_20190323_121434__05.png,0.0,0.24105220799998506,,,,,,,,,
635,zaal_15__IMG_20190323_115808__01.png,zaal_15__IMG_20190323_115808__01.png,0.0,0.24765704199998595,,,,,,,,,
636,zaal_19__IMG_20190323_121434__11.png,zaal_19__IMG_20190323_121434__11.png,0.0,0.23703404200000477,,,,,,,,,
637,Zaal_B__20190323_112228__01.png,,0,0.2533127499999921,,,,,,,,,
638,zaal_S__IMG_20190323_122529__01.png,zaal_S__IMG_20190323_122529__01.png,0.0,0.23885375000000408,,,,,,,,,
639,zaal_S__IMG_20190323_123023__01.png,zaal_S__IMG_20190323_123023__01.png,0.0,0.23943095900000344,,,,,,,,,
640,zaal_15__IMG_20190323_115648__01.png,zaal_15__IMG_20190323_115648__01.png,0.0,0.24274537499999838,,,,,,,,,
641,Zaal_D__20190323_113233__01.png,Zaal_D__20190323_113233__01.png,0.0,0.24549758300000235,,,,,,,,,
642,Zaal_M__20190323_123223__01.png,Zaal_M__20190323_123223__01.png,0.0,0.2514542080000126,,,,,,,,,
643,zaal_19__IMG_20190323_121434__10.png,zaal_19__IMG_20190323_121434__10.png,0.0,0.23747712499999807,,,,,,,,,
644,zaal_19__IMG_20190323_121434__04.png,zaal_19__IMG_20190323_121434__04.png,0.0,0.23423020900000324,,,,,,,,,
645,zaal_15__IMG_20190323_120226__01.png,zaal_15__IMG_20190323_120226__01.png,0.0,0.25161541699998224,,,,,,,,,
646,Zaal_M__20190323_123155__01.png,Zaal_M__20190323_123155__01.png,0.0,0.24765445799999952,,,,,,,,,
647,Zaal_E__20190323_115309__01.png,Zaal_E__20190323_115309__01.png,0.0,0.2510629999999878,,,,,,,,,
648,zaal_S__IMG_20190323_122553__07.png,zaal_S__IMG_20190323_122553__07.png,0.0,0.23789174999998863,,,,,,,,,
649,zaal_S__IMG_20190323_122727__01.png,zaal_S__IMG_20190323_122727__01.png,0.0,0.24341008299998634,,,,,,,,,
650,zaal_19__IMG_20190323_121318__01.png,zaal_19__IMG_20190323_121318__01.png,0.0,0.2500278329999901,,,,,,,,,
651,zaal_19__IMG_20190323_121308__01.png,zaal_19__IMG_20190323_121308__01.png,0.0,0.24915450000000305,,,,,,,,,
652,zaal_19__IMG_20190323_121537__07.png,zaal_19__IMG_20190323_121537__07.png,0.0,0.23447037500000079,,,,,,,,,
653,zaal_P__IMG_20190323_123615__01.png,zaal_P__IMG_20190323_123615__01.png,0.0,0.23828308399998832,,,,,,,,,
654,zaal_19__IMG_20190323_121537__13.png,zaal_19__IMG_20190323_121537__13.png,0.0,0.24200870799998597,,,,,,,,,
655,zaal_1__IMG_20190323_111749__02.png,zaal_1__IMG_20190323_111749__02.png,0.0,0.24557845800001132,,,,,,,,,
656,zaal_V__IMG_20190323_121800__01.png,zaal_V__IMG_20190323_121800__01.png,0.0,0.24599212499998657,,,,,,,,,
657,Zaal_A__20190323_111737__01.png,Zaal_A__20190323_111737__01.png,0.0,0.25107079199997884,,,,,,,,,
658,zaal_19__IMG_20190323_121545__13.png,,0,0.22771087500001386,,,,,,,,,
659,zaal_19__IMG_20190323_121142__03.png,zaal_19__IMG_20190323_121142__03.png,0.0,0.23499662499997953,,,,,,,,,
660,zaal_19__IMG_20190323_121545__07.png,zaal_19__IMG_20190323_121545__07.png,0.0,0.23353541599999517,,,,,,,,,
661,Zaal_F__20190323_120008__01.png,Zaal_F__20190323_120008__01.png,0.0,0.30686262500000794,,,,,,,,,
662,zaal_19__IMG_20190323_121457__01.png,zaal_19__IMG_20190323_121457__01.png,0.0,0.23631916700000488,,,,,,,,,
663,zaal_18__IMG_20190323_120704__01.png,zaal_18__IMG_20190323_120704__01.png,0.0,0.25397025000000895,,,,,,,,,
664,Zaal_H__20190323_120614__01.png,Zaal_H__20190323_120614__01.png,0.0,0.2507509579999976,,,,,,,,,
665,zaal_19__IMG_20190323_121447__01.png,zaal_19__IMG_20190323_121447__01.png,0.0,0.23357229199999097,,,,,,,,,
666,zaal_2__IMG_20190323_112012__01.png,zaal_2__IMG_20190323_112012__01.png,0.0,0.2391952920000051,,,,,,,,,
667,zaal_S__IMG_20190323_122958__01.png,zaal_S__IMG_20190323_122958__01.png,0.0,0.2440907920000086,,,,,,,,,
668,zaal_19__IMG_20190323_121212__01.png,zaal_19__IMG_20190323_121212__01.png,0.0,0.2485107499999799,,,,,,,,,
669,zaal_S__IMG_20190323_122830__01.png,zaal_S__IMG_20190323_122830__01.png,0.0,0.2465227499999969,,,,,,,,,
670,zaal_15__IMG_20190323_115319__01.png,zaal_15__IMG_20190323_115319__01.png,0.0,0.24136729099998888,,,,,,,,,
671,zaal_19__IMG_20190323_121622__02.png,zaal_19__IMG_20190323_121622__02.png,0.0,0.23545233400000143,,,,,,,,,
672,zaal_15__IMG_20190323_120122__01.png,zaal_15__IMG_20190323_120122__01.png,0.0,0.24430566600000247,,,,,,,,,
673,zaal_S__IMG_20190323_122709__05.png,zaal_S__IMG_20190323_122709__05.png,0.0,0.2402978749999818,,,,,,,,,
674,Zaal_D__20190323_113404__01.png,Zaal_D__20190323_113404__01.png,0.0,0.2668128749999994,,,,,,,,,
675,Zaal_J__20190323_121630__01.png,Zaal_J__20190323_121630__01.png,0.0,0.25686729199998126,,,,,,,,,
676,Zaal_A__20190323_111830__01.png,Zaal_A__20190323_111830__01.png,0.0,0.25028658399997994,,,,,,,,,
677,Zaal_D__20190323_113251__01.png,Zaal_D__20190323_113251__01.png,0.0,0.25142958300000373,,,,,,,,,
678,zaal_15__IMG_20190323_115742__01.png,zaal_15__IMG_20190323_115742__01.png,0.0,0.24326791699999717,,,,,,,,,
679,zaal_S__IMG_20190323_123051__01.png,zaal_S__IMG_20190323_123051__01.png,0.0,0.2429542920000074,,,,,,,,,
680,Zaal_B__20190323_112322__01.png,Zaal_B__20190323_112322__01.png,0.0,0.24303650000001653,,,,,,,,,
681,zaal_19__IMG_20190323_121622__12.png,zaal_19__IMG_20190323_121622__12.png,0.0,0.23859737500001188,,,,,,,,,
682,zaal_S__IMG_20190323_122709__01.png,zaal_S__IMG_20190323_122709__01.png,0.0,0.23390000000000555,,,,,,,,,
683,zaal_19__IMG_20190323_121622__06.png,zaal_19__IMG_20190323_121622__06.png,0.0,0.2424661659999856,,,,,,,,,
684,zaal_19__IMG_20190323_121604__10.png,zaal_19__IMG_20190323_121604__10.png,0.0,0.24004791600000885,,,,,,,,,
685,zaal_19__IMG_20190323_121604__04.png,zaal_19__IMG_20190323_121604__04.png,0.0,0.2402377500000057,,,,,,,,,
686,zaal_11__IMG_20190323_114048__01.png,,0,0.24930954199999178,,,,,,,,,
687,Zaal_J__20190323_121704__01.png,,0,0.2426191250000045,,,,,,,,,
688,zaal_19__IMG_20190323_121457__11.png,zaal_19__IMG_20190323_121457__11.png,0.0,0.23329812500000457,,,,,,,,,
689,Zaal_A__20190323_111709__01.png,Zaal_A__20190323_111709__01.png,0.0,0.24605337500000246,,,,,,,,,
690,zaal_19__IMG_20190323_121447__05.png,zaal_19__IMG_20190323_121447__05.png,0.0,0.2317979169999944,,,,,,,,,
691,zaal_7__IMG_20190323_113141__01.png,zaal_7__IMG_20190323_113141__01.png,0.0,0.25225066700002685,,,,,,,,,
692,zaal_19__IMG_20190323_121447__11.png,zaal_19__IMG_20190323_121447__11.png,0.0,0.24047204099997543,,,,,,,,,
693,zaal_19__IMG_20190323_121457__05.png,zaal_19__IMG_20190323_121457__05.png,0.0,0.23592862499998546,,,,,,,,,
694,Zaal_J__20190323_121919__01.png,Zaal_J__20190323_121919__01.png,0.0,0.24764804100001925,,,,,,,,,
695,zaal_6__IMG_20190323_113025__01.png,zaal_6__IMG_20190323_113025__01.png,0.0,0.24635383300000058,,,,,,,,,
696,Zaal_L__20190323_122937__01.png,Zaal_L__20190323_122937__01.png,0.0,0.24426245800000856,,,,,,,,,
697,zaal_19__IMG_20190323_121420__08.png,zaal_19__IMG_20190323_121420__08.png,0.0,0.23466020799997978,,,,,,,,,
698,zaal_19__IMG_20190323_121545__03.png,zaal_19__IMG_20190323_121545__03.png,0.0,0.23690900000002557,,,,,,,,,
699,zaal_19__IMG_20190323_121354__01.png,zaal_19__IMG_20190323_121354__01.png,0.0,0.24978624999999965,,,,,,,,,
700,zaal_19__IMG_20190323_121537__03.png,zaal_19__IMG_20190323_121537__03.png,0.0,0.23981333400001859,,,,,,,,,
701,zaal_17__IMG_20190323_120538__01.png,zaal_17__IMG_20190323_120538__01.png,0.0,0.24174591599998507,,,,,,,,,
702,zaal_II__IMG_20190323_111336__01.png,zaal_II__IMG_20190323_111336__01.png,0.0,0.2523290839999959,,,,,,,,,
703,zaal_1__IMG_20190323_111749__06.png,zaal_1__IMG_20190323_111749__06.png,0.0,0.2368713329999821,,,,,,,,,
704,zaal_19__IMG_20190323_121032__01.png,zaal_19__IMG_20190323_121032__01.png,0.0,0.24085804199998506,,,,,,,,,
705,Zaal_E__20190323_114539__01.png,Zaal_E__20190323_114539__01.png,0.0,0.2505147500000078,,,,,,,,,
706,zaal_S__IMG_20190323_122553__03.png,zaal_S__IMG_20190323_122553__03.png,0.0,0.2377255410000032,,,,,,,,,
707,Zaal_D__20190323_113624__01.png,Zaal_D__20190323_113624__01.png,0.0,0.24825366600001075,,,,,,,,,
708,zaal_S__IMG_20190323_122613__01.png,zaal_S__IMG_20190323_122613__01.png,0.0,0.2540902920000008,,,,,,,,,
709,zaal_19__IMG_20190323_121434__01.png,zaal_19__IMG_20190323_121434__01.png,0.0,0.2355047089999971,,,,,,,,,
710,zaal_7__IMG_20190323_113208__01.png,zaal_7__IMG_20190323_113208__01.png,0.0,0.25078641600001106,,,,,,,,,
711,Zaal_G__20190323_120258__01.png,Zaal_G__20190323_120258__01.png,0.0,0.24801216700001305,,,,,,,,,
712,Zaal_G__20190323_120330__01.png,Zaal_G__20190323_120330__01.png,0.0,0.2476440000000082,,,,,,,,,
713,zaal_9__IMG_20190323_113653__01.png,zaal_9__IMG_20190323_113653__01.png,0.0,0.24661191699999563,,,,,,,,,
714,zaal_S__IMG_20190323_122553__02.png,zaal_S__IMG_20190323_122553__02.png,0.0,0.23464433300000564,,,,,,,,,
715,zaal_19__IMG_20190323_121107__01.png,zaal_19__IMG_20190323_121107__01.png,0.0,0.24567099999998732,,,,,,,,,
716,zaal_17__IMG_20190323_120603__01.png,zaal_17__IMG_20190323_120603__01.png,0.0,0.24972016600000302,,,,,,,,,
717,zaal_15__IMG_20190323_120141__01.png,zaal_15__IMG_20190323_120141__01.png,0.0,0.24788558299999863,,,,,,,,,
718,Zaal_D__20190323_114112__01.png,Zaal_D__20190323_114112__01.png,0.0,0.24360774999999535,,,,,,,,,
719,zaal_1__IMG_20190323_111749__07.png,zaal_1__IMG_20190323_111749__07.png,0.0,0.23863045900000657,,,,,,,,,
720,Zaal_E__20190323_115435__01.png,Zaal_E__20190323_115435__01.png,0.0,0.24733949999998117,,,,,,,,,
721,zaal_19__IMG_20190323_121537__02.png,zaal_19__IMG_20190323_121537__02.png,0.0,0.2385355830000151,,,,,,,,,
722,Zaal_M__20190323_123701__01.png,Zaal_M__20190323_123701__01.png,0.0,0.26303724999999645,,,,,,,,,
723,zaal_19__IMG_20190323_121545__02.png,zaal_19__IMG_20190323_121545__02.png,0.0,0.24464312499998186,,,,,,,,,
724,zaal_S__IMG_20190323_122744__01.png,zaal_S__IMG_20190323_122744__01.png,0.0,0.2394167919999859,,,,,,,,,
725,zaal_19__IMG_20190323_121420__09.png,zaal_19__IMG_20190323_121420__09.png,0.0,0.23572295799999665,,,,,,,,,
726,zaal_S__IMG_20190323_122932__02.png,zaal_S__IMG_20190323_122932__02.png,0.0,0.2418294580000122,,,,,,,,,
727,zaal_S__IMG_20190323_122754__01.png,zaal_S__IMG_20190323_122754__01.png,0.0,0.2411600829999827,,,,,,,,,
728,zaal_V__IMG_20190323_121716__01.png,zaal_V__IMG_20190323_121716__01.png,0.0,0.24833058299998356,,,,,,,,,
729,zaal_19__IMG_20190323_121447__10.png,zaal_19__IMG_20190323_121447__10.png,0.0,0.23964050000000725,,,,,,,,,
730,zaal_19__IMG_20190323_121457__04.png,zaal_19__IMG_20190323_121457__04.png,0.0,0.23786916599999586,,,,,,,,,
731,zaal_19__IMG_20190323_121457__10.png,zaal_19__IMG_20190323_121457__10.png,0.0,0.23473849999999175,,,,,,,,,
732,zaal_19__IMG_20190323_121447__04.png,zaal_19__IMG_20190323_121447__04.png,0.0,0.23895641600000772,,,,,,,,,
733,zaal_19__IMG_20190323_121604__05.png,zaal_19__IMG_20190323_121604__05.png,0.0,0.23517904199999862,,,,,,,,,
734,zaal_S__IMG_20190323_122821__01.png,zaal_S__IMG_20190323_122821__01.png,0.0,0.24670708299998978,,,,,,,,,
735,zaal_19__IMG_20190323_121604__11.png,zaal_19__IMG_20190323_121604__11.png,0.0,0.2375065839999877,,,,,,,,,
736,zaal_19__IMG_20190323_121622__07.png,zaal_19__IMG_20190323_121622__07.png,0.0,0.234836166000008,,,,,,,,,
737,zaal_19__IMG_20190323_121622__13.png,zaal_19__IMG_20190323_121622__13.png,0.0,0.23838166699999874,,,,,,,,,
738,zaal_19__IMG_20190323_121622__05.png,zaal_19__IMG_20190323_121622__05.png,0.0,0.2604542500000093,,,,,,,,,
739,zaal_S__IMG_20190323_122709__02.png,zaal_S__IMG_20190323_122709__02.png,0.0,0.23406787499999382,,,,,,,,,
740,zaal_19__IMG_20190323_121622__11.png,zaal_19__IMG_20190323_121622__11.png,0.0,0.2377834590000134,,,,,,,,,
741,zaal_19__IMG_20190323_121604__07.png,zaal_19__IMG_20190323_121604__07.png,0.0,0.23817716600001404,,,,,,,,,
742,zaal_13__IMG_20190323_114619__01.png,zaal_13__IMG_20190323_114619__01.png,0.0,0.24552124999999592,,,,,,,,,
743,zaal_19__IMG_20190323_121523__08.png,zaal_19__IMG_20190323_121523__08.png,0.0,0.2444668340000078,,,,,,,,,
744,zaal_P__IMG_20190323_123738__01.png,zaal_P__IMG_20190323_123738__01.png,0.0,0.2533329590000051,,,,,,,,,
745,zaal_19__IMG_20190323_121457__06.png,zaal_19__IMG_20190323_121457__06.png,0.0,0.236848665999986,,,,,,,,,
746,zaal_19__IMG_20190323_121447__12.png,zaal_19__IMG_20190323_121447__12.png,0.0,0.23367654200001198,,,,,,,,,
747,zaal_19__IMG_20190323_121447__06.png,zaal_19__IMG_20190323_121447__06.png,0.0,0.23387204200000156,,,,,,,,,
748,zaal_19__IMG_20190323_121457__12.png,zaal_19__IMG_20190323_121457__12.png,0.0,0.2365075830000194,,,,,,,,,
749,zaal_6__IMG_20190323_112947__01.png,zaal_6__IMG_20190323_112947__01.png,0.0,0.24995075000001066,,,,,,,,,
750,zaal_15__IMG_20190323_115256__01.png,zaal_15__IMG_20190323_115256__01.png,0.0,0.24144929199999865,,,,,,,,,
751,zaal_14__IMG_20190323_114750__01.png,zaal_14__IMG_20190323_114750__01.png,0.0,0.24508462500000405,,,,,,,,,
752,zaal_19__IMG_20190323_121545__14.png,zaal_19__IMG_20190323_121545__14.png,0.0,0.23535912500000222,,,,,,,,,
753,Zaal_E__20190323_114646__01.png,Zaal_E__20190323_114646__01.png,0.0,0.24670129200001156,,,,,,,,,
754,zaal_15__IMG_20190323_115509__01.png,zaal_15__IMG_20190323_115509__01.png,0.0,0.24154183400000306,,,,,,,,,
755,Zaal_K__20190323_122001__01.png,,0,0.24918762499999048,,,,,,,,,
756,zaal_19__IMG_20190323_121537__14.png,zaal_19__IMG_20190323_121537__14.png,0.0,0.2450425419999931,,,,,,,,,
757,zaal_1__IMG_20190323_111749__05.png,zaal_1__IMG_20190323_111749__05.png,0.0,0.2368752499999971,,,,,,,,,
758,Zaal_E__20190323_115403__01.png,Zaal_E__20190323_115403__01.png,0.0,0.24502058400000237,,,,,,,,,
759,Zaal_F__20190323_115830__01.png,Zaal_F__20190323_115830__01.png,0.0,0.24936962500001414,,,,,,,,,
760,zaal_S__IMG_20190323_123004__01.png,zaal_S__IMG_20190323_123004__01.png,0.0,0.24387995800000795,,,,,,,,,
761,zaal_7__IMG_20190323_113148__01.png,zaal_7__IMG_20190323_113148__01.png,0.0,0.2483904999999993,,,,,,,,,
762,zaal_19__IMG_20190323_121049__01.png,zaal_19__IMG_20190323_121049__01.png,0.0,0.2425894169999765,,,,,,,,,
763,zaal_17__IMG_20190323_120553__01.png,zaal_17__IMG_20190323_120553__01.png,0.0,0.24694879099999412,,,,,,,,,
764,zaal_19__IMG_20190323_121434__03.png,zaal_19__IMG_20190323_121434__03.png,0.0,0.24185575000001336,,,,,,,,,
765,zaal_19__IMG_20190323_121434__02.png,zaal_19__IMG_20190323_121434__02.png,0.0,0.23663704199998392,,,,,,,,,
766,zaal_5__IMG_20190323_112706__01.png,zaal_5__IMG_20190323_112706__01.png,0.0,0.24924937500003352,,,,,,,,,
767,zaal_15__IMG_20190323_115301__01.png,zaal_15__IMG_20190323_115301__01.png,0.0,0.24216241700003138,,,,,,,,,
768,Zaal_J__20190323_121436__01.png,Zaal_J__20190323_121436__01.png,0.0,0.2557400409999673,,,,,,,,,
769,zaal_S__IMG_20190323_122635__01.png,zaal_S__IMG_20190323_122635__01.png,0.0,0.24541087500000458,,,,,,,,,
770,zaal_7__IMG_20190323_113208__02.png,zaal_7__IMG_20190323_113208__02.png,0.0,0.2511993749999988,,,,,,,,,
771,Zaal_F__20190323_115915__01.png,Zaal_F__20190323_115915__01.png,0.0,0.24634895799999867,,,,,,,,,
772,Zaal_M__20190323_123249__01.png,Zaal_M__20190323_123249__01.png,0.0,0.24853370800002494,,,,,,,,,
773,Zaal_A__20190323_111950__01.png,Zaal_A__20190323_111950__01.png,0.0,0.24602570799999057,,,,,,,,,
774,zaal_S__IMG_20190323_122553__01.png,zaal_S__IMG_20190323_122553__01.png,0.0,0.23700837499995941,,,,,,,,,
775,zaal_P__IMG_20190323_123717__01.png,zaal_P__IMG_20190323_123717__01.png,0.0,0.26884295799999336,,,,,,,,,
776,zaal_8__IMG_20190323_113317__01.png,zaal_8__IMG_20190323_113317__01.png,0.0,0.2502761250000276,,,,,,,,,
777,zaal_1__IMG_20190323_111749__04.png,zaal_1__IMG_20190323_111749__04.png,0.0,0.24053391699999338,,,,,,,,,
778,zaal_S__IMG_20190323_122950__01.png,zaal_S__IMG_20190323_122950__01.png,0.0,0.23939820800001144,,,,,,,,,
779,zaal_S__IMG_20190323_122838__01.png,zaal_S__IMG_20190323_122838__01.png,0.0,0.24012520799999493,,,,,,,,,
780,Zaal_G__20190323_120233__01.png,Zaal_G__20190323_120233__01.png,0.0,0.2538188340000147,,,,,,,,,
781,zaal_19__IMG_20190323_121537__15.png,zaal_19__IMG_20190323_121537__15.png,0.0,0.2417087499999866,,,,,,,,,
782,zaal_19__IMG_20190323_121537__01.png,zaal_19__IMG_20190323_121537__01.png,0.0,0.23886549999997442,,,,,,,,,
783,zaal_19__IMG_20190323_121545__01.png,zaal_19__IMG_20190323_121545__01.png,0.0,0.23323049999999057,,,,,,,,,
784,zaal_10__IMG_20190323_113904__01.png,,0,0.24638745900000458,,,,,,,,,
785,zaal_19__IMG_20190323_121545__15.png,zaal_19__IMG_20190323_121545__15.png,0.0,0.238828500000011,,,,,,,,,
786,zaal_S__IMG_20190323_122932__01.png,zaal_S__IMG_20190323_122932__01.png,0.0,0.23777908299996398,,,,,,,,,
787,zaal_S__IMG_20190323_122919__08.png,zaal_S__IMG_20190323_122919__08.png,0.0,0.2357207079999739,,,,,,,,,
788,zaal_S__IMG_20190323_122754__02.png,zaal_S__IMG_20190323_122754__02.png,0.0,0.24602029199996878,,,,,,,,,
789,zaal_O__IMG_20190323_124115__01.png,zaal_O__IMG_20190323_124115__01.png,0.0,0.23526154199998928,,,,,,,,,
790,zaal_19__IMG_20190323_121300__01.png,zaal_19__IMG_20190323_121300__01.png,0.0,0.24955899999997655,,,,,,,,,
791,zaal_V__IMG_20190323_121808__01.png,zaal_V__IMG_20190323_121808__01.png,0.0,0.244343458000003,,,,,,,,,
792,zaal_19__IMG_20190323_121447__07.png,zaal_19__IMG_20190323_121447__07.png,0.0,0.2377800830000183,,,,,,,,,
793,zaal_19__IMG_20190323_121457__13.png,zaal_19__IMG_20190323_121457__13.png,0.0,0.2357044170000222,,,,,,,,,
794,zaal_19__IMG_20190323_121457__07.png,zaal_19__IMG_20190323_121457__07.png,0.0,0.24649366699998154,,,,,,,,,
795,zaal_S__IMG_20190323_122521__01.png,zaal_S__IMG_20190323_122521__01.png,0.0,0.24055329200001552,,,,,,,,,
796,zaal_19__IMG_20190323_121523__09.png,zaal_19__IMG_20190323_121523__09.png,0.0,0.23743033400000968,,,,,,,,,
797,zaal_19__IMG_20190323_121604__06.png,zaal_19__IMG_20190323_121604__06.png,0.0,0.23390733299999056,,,,,,,,,
798,zaal_19__IMG_20190323_121622__10.png,zaal_19__IMG_20190323_121622__10.png,0.0,0.23814533399996662,,,,,,,,,
799,zaal_19__IMG_20190323_121622__04.png,zaal_19__IMG_20190323_121622__04.png,0.0,0.23863645799997357,,,,,,,,,
800,zaal_S__IMG_20190323_122709__03.png,zaal_S__IMG_20190323_122709__03.png,0.0,0.23709766700000046,,,,,,,,,
